tickets_sold,lag_1,lag_2,lag_3,lag_4,lag_5,lag_6,lag_7,lag_8,lag_9,lag_10,lag_11,lag_12,lag_13,lag_14,lag_15,lag_16,lag_17,lag_18,lag_19,lag_20,lag_21,lag_22,lag_23,lag_24,lag_25,lag_26,lag_27,lag_28,lag_29,lag_30
267,0.0,0.0,0.0,0.0,0.0,0.0,0.0,0.0,0.0,0.0,0.0,0.0,0.0,0.0,0.0,0.0,0.0,0.0,0.0,0.0,0.0,0.0,0.0,0.0,0.0,0.0,0.0,0.0,0.0,0.0
0,267.0,0.0,0.0,0.0,0.0,0.0,0.0,0.0,0.0,0.0,0.0,0.0,0.0,0.0,0.0,0.0,0.0,0.0,0.0,0.0,0.0,0.0,0.0,0.0,0.0,0.0,0.0,0.0,0.0,0.0
3,0.0,267.0,0.0,0.0,0.0,0.0,0.0,0.0,0.0,0.0,0.0,0.0,0.0,0.0,0.0,0.0,0.0,0.0,0.0,0.0,0.0,0.0,0.0,0.0,0.0,0.0,0.0,0.0,0.0,0.0
0,3.0,0.0,267.0,0.0,0.0,0.0,0.0,0.0,0.0,0.0,0.0,0.0,0.0,0.0,0.0,0.0,0.0,0.0,0.0,0.0,0.0,0.0,0.0,0.0,0.0,0.0,0.0,0.0,0.0,0.0
0,0.0,3.0,0.0,267.0,0.0,0.0,0.0,0.0,0.0,0.0,0.0,0.0,0.0,0.0,0.0,0.0,0.0,0.0,0.0,0.0,0.0,0.0,0.0,0.0,0.0,0.0,0.0,0.0,0.0,0.0
0,0.0,0.0,3.0,0.0,267.0,0.0,0.0,0.0,0.0,0.0,0.0,0.0,0.0,0.0,0.0,0.0,0.0,0.0,0.0,0.0,0.0,0.0,0.0,0.0,0.0,0.0,0.0,0.0,0.0,0.0
0,0.0,0.0,0.0,3.0,0.0,267.0,0.0,0.0,0.0,0.0,0.0,0.0,0.0,0.0,0.0,0.0,0.0,0.0,0.0,0.0,0.0,0.0,0.0,0.0,0.0,0.0,0.0,0.0,0.0,0.0
0,0.0,0.0,0.0,0.0,3.0,0.0,267.0,0.0,0.0,0.0,0.0,0.0,0.0,0.0,0.0,0.0,0.0,0.0,0.0,0.0,0.0,0.0,0.0,0.0,0.0,0.0,0.0,0.0,0.0,0.0
0,0.0,0.0,0.0,0.0,0.0,3.0,0.0,267.0,0.0,0.0,0.0,0.0,0.0,0.0,0.0,0.0,0.0,0.0,0.0,0.0,0.0,0.0,0.0,0.0,0.0,0.0,0.0,0.0,0.0,0.0
0,0.0,0.0,0.0,0.0,0.0,0.0,3.0,0.0,267.0,0.0,0.0,0.0,0.0,0.0,0.0,0.0,0.0,0.0,0.0,0.0,0.0,0.0,0.0,0.0,0.0,0.0,0.0,0.0,0.0,0.0
0,0.0,0.0,0.0,0.0,0.0,0.0,0.0,3.0,0.0,267.0,0.0,0.0,0.0,0.0,0.0,0.0,0.0,0.0,0.0,0.0,0.0,0.0,0.0,0.0,0.0,0.0,0.0,0.0,0.0,0.0
0,0.0,0.0,0.0,0.0,0.0,0.0,0.0,0.0,3.0,0.0,267.0,0.0,0.0,0.0,0.0,0.0,0.0,0.0,0.0,0.0,0.0,0.0,0.0,0.0,0.0,0.0,0.0,0.0,0.0,0.0
0,0.0,0.0,0.0,0.0,0.0,0.0,0.0,0.0,0.0,3.0,0.0,267.0,0.0,0.0,0.0,0.0,0.0,0.0,0.0,0.0,0.0,0.0,0.0,0.0,0.0,0.0,0.0,0.0,0.0,0.0
0,0.0,0.0,0.0,0.0,0.0,0.0,0.0,0.0,0.0,0.0,3.0,0.0,267.0,0.0,0.0,0.0,0.0,0.0,0.0,0.0,0.0,0.0,0.0,0.0,0.0,0.0,0.0,0.0,0.0,0.0
0,0.0,0.0,0.0,0.0,0.0,0.0,0.0,0.0,0.0,0.0,0.0,3.0,0.0,267.0,0.0,0.0,0.0,0.0,0.0,0.0,0.0,0.0,0.0,0.0,0.0,0.0,0.0,0.0,0.0,0.0
0,0.0,0.0,0.0,0.0,0.0,0.0,0.0,0.0,0.0,0.0,0.0,0.0,3.0,0.0,267.0,0.0,0.0,0.0,0.0,0.0,0.0,0.0,0.0,0.0,0.0,0.0,0.0,0.0,0.0,0.0
0,0.0,0.0,0.0,0.0,0.0,0.0,0.0,0.0,0.0,0.0,0.0,0.0,0.0,3.0,0.0,267.0,0.0,0.0,0.0,0.0,0.0,0.0,0.0,0.0,0.0,0.0,0.0,0.0,0.0,0.0
0,0.0,0.0,0.0,0.0,0.0,0.0,0.0,0.0,0.0,0.0,0.0,0.0,0.0,0.0,3.0,0.0,267.0,0.0,0.0,0.0,0.0,0.0,0.0,0.0,0.0,0.0,0.0,0.0,0.0,0.0
0,0.0,0.0,0.0,0.0,0.0,0.0,0.0,0.0,0.0,0.0,0.0,0.0,0.0,0.0,0.0,3.0,0.0,267.0,0.0,0.0,0.0,0.0,0.0,0.0,0.0,0.0,0.0,0.0,0.0,0.0
0,0.0,0.0,0.0,0.0,0.0,0.0,0.0,0.0,0.0,0.0,0.0,0.0,0.0,0.0,0.0,0.0,3.0,0.0,267.0,0.0,0.0,0.0,0.0,0.0,0.0,0.0,0.0,0.0,0.0,0.0
0,0.0,0.0,0.0,0.0,0.0,0.0,0.0,0.0,0.0,0.0,0.0,0.0,0.0,0.0,0.0,0.0,0.0,3.0,0.0,267.0,0.0,0.0,0.0,0.0,0.0,0.0,0.0,0.0,0.0,0.0
20104,0.0,0.0,0.0,0.0,0.0,0.0,0.0,0.0,0.0,0.0,0.0,0.0,0.0,0.0,0.0,0.0,0.0,0.0,3.0,0.0,267.0,0.0,0.0,0.0,0.0,0.0,0.0,0.0,0.0,0.0
41274,20104.0,0.0,0.0,0.0,0.0,0.0,0.0,0.0,0.0,0.0,0.0,0.0,0.0,0.0,0.0,0.0,0.0,0.0,0.0,3.0,0.0,267.0,0.0,0.0,0.0,0.0,0.0,0.0,0.0,0.0
51761,41274.0,20104.0,0.0,0.0,0.0,0.0,0.0,0.0,0.0,0.0,0.0,0.0,0.0,0.0,0.0,0.0,0.0,0.0,0.0,0.0,3.0,0.0,267.0,0.0,0.0,0.0,0.0,0.0,0.0,0.0
38026,51761.0,41274.0,20104.0,0.0,0.0,0.0,0.0,0.0,0.0,0.0,0.0,0.0,0.0,0.0,0.0,0.0,0.0,0.0,0.0,0.0,0.0,3.0,0.0,267.0,0.0,0.0,0.0,0.0,0.0,0.0
34424,38026.0,51761.0,41274.0,20104.0,0.0,0.0,0.0,0.0,0.0,0.0,0.0,0.0,0.0,0.0,0.0,0.0,0.0,0.0,0.0,0.0,0.0,0.0,3.0,0.0,267.0,0.0,0.0,0.0,0.0,0.0
33078,34424.0,38026.0,51761.0,41274.0,20104.0,0.0,0.0,0.0,0.0,0.0,0.0,0.0,0.0,0.0,0.0,0.0,0.0,0.0,0.0,0.0,0.0,0.0,0.0,3.0,0.0,267.0,0.0,0.0,0.0,0.0
4028,33078.0,34424.0,38026.0,51761.0,41274.0,20104.0,0.0,0.0,0.0,0.0,0.0,0.0,0.0,0.0,0.0,0.0,0.0,0.0,0.0,0.0,0.0,0.0,0.0,0.0,3.0,0.0,267.0,0.0,0.0,0.0
50695,4028.0,33078.0,34424.0,38026.0,51761.0,41274.0,20104.0,0.0,0.0,0.0,0.0,0.0,0.0,0.0,0.0,0.0,0.0,0.0,0.0,0.0,0.0,0.0,0.0,0.0,0.0,3.0,0.0,267.0,0.0,0.0
87065,50695.0,4028.0,33078.0,34424.0,38026.0,51761.0,41274.0,20104.0,0.0,0.0,0.0,0.0,0.0,0.0,0.0,0.0,0.0,0.0,0.0,0.0,0.0,0.0,0.0,0.0,0.0,0.0,3.0,0.0,267.0,0.0
113158,87065.0,50695.0,4028.0,33078.0,34424.0,38026.0,51761.0,41274.0,20104.0,0.0,0.0,0.0,0.0,0.0,0.0,0.0,0.0,0.0,0.0,0.0,0.0,0.0,0.0,0.0,0.0,0.0,0.0,3.0,0.0,267.0
130537,113158.0,87065.0,50695.0,4028.0,33078.0,34424.0,38026.0,51761.0,41274.0,20104.0,0.0,0.0,0.0,0.0,0.0,0.0,0.0,0.0,0.0,0.0,0.0,0.0,0.0,0.0,0.0,0.0,0.0,0.0,3.0,0.0
131732,130537.0,113158.0,87065.0,50695.0,4028.0,33078.0,34424.0,38026.0,51761.0,41274.0,20104.0,0.0,0.0,0.0,0.0,0.0,0.0,0.0,0.0,0.0,0.0,0.0,0.0,0.0,0.0,0.0,0.0,0.0,0.0,3.0
140119,131732.0,130537.0,113158.0,87065.0,50695.0,4028.0,33078.0,34424.0,38026.0,51761.0,41274.0,20104.0,0.0,0.0,0.0,0.0,0.0,0.0,0.0,0.0,0.0,0.0,0.0,0.0,0.0,0.0,0.0,0.0,0.0,0.0
218718,140119.0,131732.0,130537.0,113158.0,87065.0,50695.0,4028.0,33078.0,34424.0,38026.0,51761.0,41274.0,20104.0,0.0,0.0,0.0,0.0,0.0,0.0,0.0,0.0,0.0,0.0,0.0,0.0,0.0,0.0,0.0,0.0,0.0
175564,218718.0,140119.0,131732.0,130537.0,113158.0,87065.0,50695.0,4028.0,33078.0,34424.0,38026.0,51761.0,41274.0,20104.0,0.0,0.0,0.0,0.0,0.0,0.0,0.0,0.0,0.0,0.0,0.0,0.0,0.0,0.0,0.0,0.0
170002,175564.0,218718.0,140119.0,131732.0,130537.0,113158.0,87065.0,50695.0,4028.0,33078.0,34424.0,38026.0,51761.0,41274.0,20104.0,0.0,0.0,0.0,0.0,0.0,0.0,0.0,0.0,0.0,0.0,0.0,0.0,0.0,0.0,0.0
182806,170002.0,175564.0,218718.0,140119.0,131732.0,130537.0,113158.0,87065.0,50695.0,4028.0,33078.0,34424.0,38026.0,51761.0,41274.0,20104.0,0.0,0.0,0.0,0.0,0.0,0.0,0.0,0.0,0.0,0.0,0.0,0.0,0.0,0.0
182239,182806.0,170002.0,175564.0,218718.0,140119.0,131732.0,130537.0,113158.0,87065.0,50695.0,4028.0,33078.0,34424.0,38026.0,51761.0,41274.0,20104.0,0.0,0.0,0.0,0.0,0.0,0.0,0.0,0.0,0.0,0.0,0.0,0.0,0.0
197341,182239.0,182806.0,170002.0,175564.0,218718.0,140119.0,131732.0,130537.0,113158.0,87065.0,50695.0,4028.0,33078.0,34424.0,38026.0,51761.0,41274.0,20104.0,0.0,0.0,0.0,0.0,0.0,0.0,0.0,0.0,0.0,0.0,0.0,0.0
81396,197341.0,182239.0,182806.0,170002.0,175564.0,218718.0,140119.0,131732.0,130537.0,113158.0,87065.0,50695.0,4028.0,33078.0,34424.0,38026.0,51761.0,41274.0,20104.0,0.0,0.0,0.0,0.0,0.0,0.0,0.0,0.0,0.0,0.0,0.0
247088,81396.0,197341.0,182239.0,182806.0,170002.0,175564.0,218718.0,140119.0,131732.0,130537.0,113158.0,87065.0,50695.0,4028.0,33078.0,34424.0,38026.0,51761.0,41274.0,20104.0,0.0,0.0,0.0,0.0,0.0,0.0,0.0,0.0,0.0,0.0
123485,247088.0,81396.0,197341.0,182239.0,182806.0,170002.0,175564.0,218718.0,140119.0,131732.0,130537.0,113158.0,87065.0,50695.0,4028.0,33078.0,34424.0,38026.0,51761.0,41274.0,20104.0,0.0,0.0,0.0,0.0,0.0,0.0,0.0,0.0,0.0
164654,123485.0,247088.0,81396.0,197341.0,182239.0,182806.0,170002.0,175564.0,218718.0,140119.0,131732.0,130537.0,113158.0,87065.0,50695.0,4028.0,33078.0,34424.0,38026.0,51761.0,41274.0,20104.0,0.0,0.0,0.0,0.0,0.0,0.0,0.0,0.0
175430,164654.0,123485.0,247088.0,81396.0,197341.0,182239.0,182806.0,170002.0,175564.0,218718.0,140119.0,131732.0,130537.0,113158.0,87065.0,50695.0,4028.0,33078.0,34424.0,38026.0,51761.0,41274.0,20104.0,0.0,0.0,0.0,0.0,0.0,0.0,0.0
72819,175430.0,164654.0,123485.0,247088.0,81396.0,197341.0,182239.0,182806.0,170002.0,175564.0,218718.0,140119.0,131732.0,130537.0,113158.0,87065.0,50695.0,4028.0,33078.0,34424.0,38026.0,51761.0,41274.0,20104.0,0.0,0.0,0.0,0.0,0.0,0.0
67697,72819.0,175430.0,164654.0,123485.0,247088.0,81396.0,197341.0,182239.0,182806.0,170002.0,175564.0,218718.0,140119.0,131732.0,130537.0,113158.0,87065.0,50695.0,4028.0,33078.0,34424.0,38026.0,51761.0,41274.0,20104.0,0.0,0.0,0.0,0.0,0.0
71285,67697.0,72819.0,175430.0,164654.0,123485.0,247088.0,81396.0,197341.0,182239.0,182806.0,170002.0,175564.0,218718.0,140119.0,131732.0,130537.0,113158.0,87065.0,50695.0,4028.0,33078.0,34424.0,38026.0,51761.0,41274.0,20104.0,0.0,0.0,0.0,0.0
293781,71285.0,67697.0,72819.0,175430.0,164654.0,123485.0,247088.0,81396.0,197341.0,182239.0,182806.0,170002.0,175564.0,218718.0,140119.0,131732.0,130537.0,113158.0,87065.0,50695.0,4028.0,33078.0,34424.0,38026.0,51761.0,41274.0,20104.0,0.0,0.0,0.0
114932,293781.0,71285.0,67697.0,72819.0,175430.0,164654.0,123485.0,247088.0,81396.0,197341.0,182239.0,182806.0,170002.0,175564.0,218718.0,140119.0,131732.0,130537.0,113158.0,87065.0,50695.0,4028.0,33078.0,34424.0,38026.0,51761.0,41274.0,20104.0,0.0,0.0
159044,114932.0,293781.0,71285.0,67697.0,72819.0,175430.0,164654.0,123485.0,247088.0,81396.0,197341.0,182239.0,182806.0,170002.0,175564.0,218718.0,140119.0,131732.0,130537.0,113158.0,87065.0,50695.0,4028.0,33078.0,34424.0,38026.0,51761.0,41274.0,20104.0,0.0
198227,159044.0,114932.0,293781.0,71285.0,67697.0,72819.0,175430.0,164654.0,123485.0,247088.0,81396.0,197341.0,182239.0,182806.0,170002.0,175564.0,218718.0,140119.0,131732.0,130537.0,113158.0,87065.0,50695.0,4028.0,33078.0,34424.0,38026.0,51761.0,41274.0,20104.0
169665,198227.0,159044.0,114932.0,293781.0,71285.0,67697.0,72819.0,175430.0,164654.0,123485.0,247088.0,81396.0,197341.0,182239.0,182806.0,170002.0,175564.0,218718.0,140119.0,131732.0,130537.0,113158.0,87065.0,50695.0,4028.0,33078.0,34424.0,38026.0,51761.0,41274.0
65510,169665.0,198227.0,159044.0,114932.0,293781.0,71285.0,67697.0,72819.0,175430.0,164654.0,123485.0,247088.0,81396.0,197341.0,182239.0,182806.0,170002.0,175564.0,218718.0,140119.0,131732.0,130537.0,113158.0,87065.0,50695.0,4028.0,33078.0,34424.0,38026.0,51761.0
65263,65510.0,169665.0,198227.0,159044.0,114932.0,293781.0,71285.0,67697.0,72819.0,175430.0,164654.0,123485.0,247088.0,81396.0,197341.0,182239.0,182806.0,170002.0,175564.0,218718.0,140119.0,131732.0,130537.0,113158.0,87065.0,50695.0,4028.0,33078.0,34424.0,38026.0
277116,65263.0,65510.0,169665.0,198227.0,159044.0,114932.0,293781.0,71285.0,67697.0,72819.0,175430.0,164654.0,123485.0,247088.0,81396.0,197341.0,182239.0,182806.0,170002.0,175564.0,218718.0,140119.0,131732.0,130537.0,113158.0,87065.0,50695.0,4028.0,33078.0,34424.0
120262,277116.0,65263.0,65510.0,169665.0,198227.0,159044.0,114932.0,293781.0,71285.0,67697.0,72819.0,175430.0,164654.0,123485.0,247088.0,81396.0,197341.0,182239.0,182806.0,170002.0,175564.0,218718.0,140119.0,131732.0,130537.0,113158.0,87065.0,50695.0,4028.0,33078.0
157950,120262.0,277116.0,65263.0,65510.0,169665.0,198227.0,159044.0,114932.0,293781.0,71285.0,67697.0,72819.0,175430.0,164654.0,123485.0,247088.0,81396.0,197341.0,182239.0,182806.0,170002.0,175564.0,218718.0,140119.0,131732.0,130537.0,113158.0,87065.0,50695.0,4028.0
169035,157950.0,120262.0,277116.0,65263.0,65510.0,169665.0,198227.0,159044.0,114932.0,293781.0,71285.0,67697.0,72819.0,175430.0,164654.0,123485.0,247088.0,81396.0,197341.0,182239.0,182806.0,170002.0,175564.0,218718.0,140119.0,131732.0,130537.0,113158.0,87065.0,50695.0
75693,169035.0,157950.0,120262.0,277116.0,65263.0,65510.0,169665.0,198227.0,159044.0,114932.0,293781.0,71285.0,67697.0,72819.0,175430.0,164654.0,123485.0,247088.0,81396.0,197341.0,182239.0,182806.0,170002.0,175564.0,218718.0,140119.0,131732.0,130537.0,113158.0,87065.0
71169,75693.0,169035.0,157950.0,120262.0,277116.0,65263.0,65510.0,169665.0,198227.0,159044.0,114932.0,293781.0,71285.0,67697.0,72819.0,175430.0,164654.0,123485.0,247088.0,81396.0,197341.0,182239.0,182806.0,170002.0,175564.0,218718.0,140119.0,131732.0,130537.0,113158.0
71891,71169.0,75693.0,169035.0,157950.0,120262.0,277116.0,65263.0,65510.0,169665.0,198227.0,159044.0,114932.0,293781.0,71285.0,67697.0,72819.0,175430.0,164654.0,123485.0,247088.0,81396.0,197341.0,182239.0,182806.0,170002.0,175564.0,218718.0,140119.0,131732.0,130537.0
287832,71891.0,71169.0,75693.0,169035.0,157950.0,120262.0,277116.0,65263.0,65510.0,169665.0,198227.0,159044.0,114932.0,293781.0,71285.0,67697.0,72819.0,175430.0,164654.0,123485.0,247088.0,81396.0,197341.0,182239.0,182806.0,170002.0,175564.0,218718.0,140119.0,131732.0
110808,287832.0,71891.0,71169.0,75693.0,169035.0,157950.0,120262.0,277116.0,65263.0,65510.0,169665.0,198227.0,159044.0,114932.0,293781.0,71285.0,67697.0,72819.0,175430.0,164654.0,123485.0,247088.0,81396.0,197341.0,182239.0,182806.0,170002.0,175564.0,218718.0,140119.0
155076,110808.0,287832.0,71891.0,71169.0,75693.0,169035.0,157950.0,120262.0,277116.0,65263.0,65510.0,169665.0,198227.0,159044.0,114932.0,293781.0,71285.0,67697.0,72819.0,175430.0,164654.0,123485.0,247088.0,81396.0,197341.0,182239.0,182806.0,170002.0,175564.0,218718.0
161377,155076.0,110808.0,287832.0,71891.0,71169.0,75693.0,169035.0,157950.0,120262.0,277116.0,65263.0,65510.0,169665.0,198227.0,159044.0,114932.0,293781.0,71285.0,67697.0,72819.0,175430.0,164654.0,123485.0,247088.0,81396.0,197341.0,182239.0,182806.0,170002.0,175564.0
77487,161377.0,155076.0,110808.0,287832.0,71891.0,71169.0,75693.0,169035.0,157950.0,120262.0,277116.0,65263.0,65510.0,169665.0,198227.0,159044.0,114932.0,293781.0,71285.0,67697.0,72819.0,175430.0,164654.0,123485.0,247088.0,81396.0,197341.0,182239.0,182806.0,170002.0
71306,77487.0,161377.0,155076.0,110808.0,287832.0,71891.0,71169.0,75693.0,169035.0,157950.0,120262.0,277116.0,65263.0,65510.0,169665.0,198227.0,159044.0,114932.0,293781.0,71285.0,67697.0,72819.0,175430.0,164654.0,123485.0,247088.0,81396.0,197341.0,182239.0,182806.0
59994,71306.0,77487.0,161377.0,155076.0,110808.0,287832.0,71891.0,71169.0,75693.0,169035.0,157950.0,120262.0,277116.0,65263.0,65510.0,169665.0,198227.0,159044.0,114932.0,293781.0,71285.0,67697.0,72819.0,175430.0,164654.0,123485.0,247088.0,81396.0,197341.0,182239.0
244133,59994.0,71306.0,77487.0,161377.0,155076.0,110808.0,287832.0,71891.0,71169.0,75693.0,169035.0,157950.0,120262.0,277116.0,65263.0,65510.0,169665.0,198227.0,159044.0,114932.0,293781.0,71285.0,67697.0,72819.0,175430.0,164654.0,123485.0,247088.0,81396.0,197341.0
147552,244133.0,59994.0,71306.0,77487.0,161377.0,155076.0,110808.0,287832.0,71891.0,71169.0,75693.0,169035.0,157950.0,120262.0,277116.0,65263.0,65510.0,169665.0,198227.0,159044.0,114932.0,293781.0,71285.0,67697.0,72819.0,175430.0,164654.0,123485.0,247088.0,81396.0
138158,147552.0,244133.0,59994.0,71306.0,77487.0,161377.0,155076.0,110808.0,287832.0,71891.0,71169.0,75693.0,169035.0,157950.0,120262.0,277116.0,65263.0,65510.0,169665.0,198227.0,159044.0,114932.0,293781.0,71285.0,67697.0,72819.0,175430.0,164654.0,123485.0,247088.0
140733,138158.0,147552.0,244133.0,59994.0,71306.0,77487.0,161377.0,155076.0,110808.0,287832.0,71891.0,71169.0,75693.0,169035.0,157950.0,120262.0,277116.0,65263.0,65510.0,169665.0,198227.0,159044.0,114932.0,293781.0,71285.0,67697.0,72819.0,175430.0,164654.0,123485.0
62379,140733.0,138158.0,147552.0,244133.0,59994.0,71306.0,77487.0,161377.0,155076.0,110808.0,287832.0,71891.0,71169.0,75693.0,169035.0,157950.0,120262.0,277116.0,65263.0,65510.0,169665.0,198227.0,159044.0,114932.0,293781.0,71285.0,67697.0,72819.0,175430.0,164654.0
56343,62379.0,140733.0,138158.0,147552.0,244133.0,59994.0,71306.0,77487.0,161377.0,155076.0,110808.0,287832.0,71891.0,71169.0,75693.0,169035.0,157950.0,120262.0,277116.0,65263.0,65510.0,169665.0,198227.0,159044.0,114932.0,293781.0,71285.0,67697.0,72819.0,175430.0
56894,56343.0,62379.0,140733.0,138158.0,147552.0,244133.0,59994.0,71306.0,77487.0,161377.0,155076.0,110808.0,287832.0,71891.0,71169.0,75693.0,169035.0,157950.0,120262.0,277116.0,65263.0,65510.0,169665.0,198227.0,159044.0,114932.0,293781.0,71285.0,67697.0,72819.0
231476,56894.0,56343.0,62379.0,140733.0,138158.0,147552.0,244133.0,59994.0,71306.0,77487.0,161377.0,155076.0,110808.0,287832.0,71891.0,71169.0,75693.0,169035.0,157950.0,120262.0,277116.0,65263.0,65510.0,169665.0,198227.0,159044.0,114932.0,293781.0,71285.0,67697.0
77536,231476.0,56894.0,56343.0,62379.0,140733.0,138158.0,147552.0,244133.0,59994.0,71306.0,77487.0,161377.0,155076.0,110808.0,287832.0,71891.0,71169.0,75693.0,169035.0,157950.0,120262.0,277116.0,65263.0,65510.0,169665.0,198227.0,159044.0,114932.0,293781.0,71285.0
117735,77536.0,231476.0,56894.0,56343.0,62379.0,140733.0,138158.0,147552.0,244133.0,59994.0,71306.0,77487.0,161377.0,155076.0,110808.0,287832.0,71891.0,71169.0,75693.0,169035.0,157950.0,120262.0,277116.0,65263.0,65510.0,169665.0,198227.0,159044.0,114932.0,293781.0
133681,117735.0,77536.0,231476.0,56894.0,56343.0,62379.0,140733.0,138158.0,147552.0,244133.0,59994.0,71306.0,77487.0,161377.0,155076.0,110808.0,287832.0,71891.0,71169.0,75693.0,169035.0,157950.0,120262.0,277116.0,65263.0,65510.0,169665.0,198227.0,159044.0,114932.0
60608,133681.0,117735.0,77536.0,231476.0,56894.0,56343.0,62379.0,140733.0,138158.0,147552.0,244133.0,59994.0,71306.0,77487.0,161377.0,155076.0,110808.0,287832.0,71891.0,71169.0,75693.0,169035.0,157950.0,120262.0,277116.0,65263.0,65510.0,169665.0,198227.0,159044.0
52677,60608.0,133681.0,117735.0,77536.0,231476.0,56894.0,56343.0,62379.0,140733.0,138158.0,147552.0,244133.0,59994.0,71306.0,77487.0,161377.0,155076.0,110808.0,287832.0,71891.0,71169.0,75693.0,169035.0,157950.0,120262.0,277116.0,65263.0,65510.0,169665.0,198227.0
48901,52677.0,60608.0,133681.0,117735.0,77536.0,231476.0,56894.0,56343.0,62379.0,140733.0,138158.0,147552.0,244133.0,59994.0,71306.0,77487.0,161377.0,155076.0,110808.0,287832.0,71891.0,71169.0,75693.0,169035.0,157950.0,120262.0,277116.0,65263.0,65510.0,169665.0
215590,48901.0,52677.0,60608.0,133681.0,117735.0,77536.0,231476.0,56894.0,56343.0,62379.0,140733.0,138158.0,147552.0,244133.0,59994.0,71306.0,77487.0,161377.0,155076.0,110808.0,287832.0,71891.0,71169.0,75693.0,169035.0,157950.0,120262.0,277116.0,65263.0,65510.0
72216,215590.0,48901.0,52677.0,60608.0,133681.0,117735.0,77536.0,231476.0,56894.0,56343.0,62379.0,140733.0,138158.0,147552.0,244133.0,59994.0,71306.0,77487.0,161377.0,155076.0,110808.0,287832.0,71891.0,71169.0,75693.0,169035.0,157950.0,120262.0,277116.0,65263.0
92424,72216.0,215590.0,48901.0,52677.0,60608.0,133681.0,117735.0,77536.0,231476.0,56894.0,56343.0,62379.0,140733.0,138158.0,147552.0,244133.0,59994.0,71306.0,77487.0,161377.0,155076.0,110808.0,287832.0,71891.0,71169.0,75693.0,169035.0,157950.0,120262.0,277116.0
116784,92424.0,72216.0,215590.0,48901.0,52677.0,60608.0,133681.0,117735.0,77536.0,231476.0,56894.0,56343.0,62379.0,140733.0,138158.0,147552.0,244133.0,59994.0,71306.0,77487.0,161377.0,155076.0,110808.0,287832.0,71891.0,71169.0,75693.0,169035.0,157950.0,120262.0
52883,116784.0,92424.0,72216.0,215590.0,48901.0,52677.0,60608.0,133681.0,117735.0,77536.0,231476.0,56894.0,56343.0,62379.0,140733.0,138158.0,147552.0,244133.0,59994.0,71306.0,77487.0,161377.0,155076.0,110808.0,287832.0,71891.0,71169.0,75693.0,169035.0,157950.0
52327,52883.0,116784.0,92424.0,72216.0,215590.0,48901.0,52677.0,60608.0,133681.0,117735.0,77536.0,231476.0,56894.0,56343.0,62379.0,140733.0,138158.0,147552.0,244133.0,59994.0,71306.0,77487.0,161377.0,155076.0,110808.0,287832.0,71891.0,71169.0,75693.0,169035.0
52251,52327.0,52883.0,116784.0,92424.0,72216.0,215590.0,48901.0,52677.0,60608.0,133681.0,117735.0,77536.0,231476.0,56894.0,56343.0,62379.0,140733.0,138158.0,147552.0,244133.0,59994.0,71306.0,77487.0,161377.0,155076.0,110808.0,287832.0,71891.0,71169.0,75693.0
159241,52251.0,52327.0,52883.0,116784.0,92424.0,72216.0,215590.0,48901.0,52677.0,60608.0,133681.0,117735.0,77536.0,231476.0,56894.0,56343.0,62379.0,140733.0,138158.0,147552.0,244133.0,59994.0,71306.0,77487.0,161377.0,155076.0,110808.0,287832.0,71891.0,71169.0
68924,159241.0,52251.0,52327.0,52883.0,116784.0,92424.0,72216.0,215590.0,48901.0,52677.0,60608.0,133681.0,117735.0,77536.0,231476.0,56894.0,56343.0,62379.0,140733.0,138158.0,147552.0,244133.0,59994.0,71306.0,77487.0,161377.0,155076.0,110808.0,287832.0,71891.0
96322,68924.0,159241.0,52251.0,52327.0,52883.0,116784.0,92424.0,72216.0,215590.0,48901.0,52677.0,60608.0,133681.0,117735.0,77536.0,231476.0,56894.0,56343.0,62379.0,140733.0,138158.0,147552.0,244133.0,59994.0,71306.0,77487.0,161377.0,155076.0,110808.0,287832.0
104930,96322.0,68924.0,159241.0,52251.0,52327.0,52883.0,116784.0,92424.0,72216.0,215590.0,48901.0,52677.0,60608.0,133681.0,117735.0,77536.0,231476.0,56894.0,56343.0,62379.0,140733.0,138158.0,147552.0,244133.0,59994.0,71306.0,77487.0,161377.0,155076.0,110808.0
50287,104930.0,96322.0,68924.0,159241.0,52251.0,52327.0,52883.0,116784.0,92424.0,72216.0,215590.0,48901.0,52677.0,60608.0,133681.0,117735.0,77536.0,231476.0,56894.0,56343.0,62379.0,140733.0,138158.0,147552.0,244133.0,59994.0,71306.0,77487.0,161377.0,155076.0
45373,50287.0,104930.0,96322.0,68924.0,159241.0,52251.0,52327.0,52883.0,116784.0,92424.0,72216.0,215590.0,48901.0,52677.0,60608.0,133681.0,117735.0,77536.0,231476.0,56894.0,56343.0,62379.0,140733.0,138158.0,147552.0,244133.0,59994.0,71306.0,77487.0,161377.0
46659,45373.0,50287.0,104930.0,96322.0,68924.0,159241.0,52251.0,52327.0,52883.0,116784.0,92424.0,72216.0,215590.0,48901.0,52677.0,60608.0,133681.0,117735.0,77536.0,231476.0,56894.0,56343.0,62379.0,140733.0,138158.0,147552.0,244133.0,59994.0,71306.0,77487.0
130270,46659.0,45373.0,50287.0,104930.0,96322.0,68924.0,159241.0,52251.0,52327.0,52883.0,116784.0,92424.0,72216.0,215590.0,48901.0,52677.0,60608.0,133681.0,117735.0,77536.0,231476.0,56894.0,56343.0,62379.0,140733.0,138158.0,147552.0,244133.0,59994.0,71306.0
54301,130270.0,46659.0,45373.0,50287.0,104930.0,96322.0,68924.0,159241.0,52251.0,52327.0,52883.0,116784.0,92424.0,72216.0,215590.0,48901.0,52677.0,60608.0,133681.0,117735.0,77536.0,231476.0,56894.0,56343.0,62379.0,140733.0,138158.0,147552.0,244133.0,59994.0
73145,54301.0,130270.0,46659.0,45373.0,50287.0,104930.0,96322.0,68924.0,159241.0,52251.0,52327.0,52883.0,116784.0,92424.0,72216.0,215590.0,48901.0,52677.0,60608.0,133681.0,117735.0,77536.0,231476.0,56894.0,56343.0,62379.0,140733.0,138158.0,147552.0,244133.0
87983,73145.0,54301.0,130270.0,46659.0,45373.0,50287.0,104930.0,96322.0,68924.0,159241.0,52251.0,52327.0,52883.0,116784.0,92424.0,72216.0,215590.0,48901.0,52677.0,60608.0,133681.0,117735.0,77536.0,231476.0,56894.0,56343.0,62379.0,140733.0,138158.0,147552.0
46102,87983.0,73145.0,54301.0,130270.0,46659.0,45373.0,50287.0,104930.0,96322.0,68924.0,159241.0,52251.0,52327.0,52883.0,116784.0,92424.0,72216.0,215590.0,48901.0,52677.0,60608.0,133681.0,117735.0,77536.0,231476.0,56894.0,56343.0,62379.0,140733.0,138158.0
18435,46102.0,87983.0,73145.0,54301.0,130270.0,46659.0,45373.0,50287.0,104930.0,96322.0,68924.0,159241.0,52251.0,52327.0,52883.0,116784.0,92424.0,72216.0,215590.0,48901.0,52677.0,60608.0,133681.0,117735.0,77536.0,231476.0,56894.0,56343.0,62379.0,140733.0
0,18435.0,46102.0,87983.0,73145.0,54301.0,130270.0,46659.0,45373.0,50287.0,104930.0,96322.0,68924.0,159241.0,52251.0,52327.0,52883.0,116784.0,92424.0,72216.0,215590.0,48901.0,52677.0,60608.0,133681.0,117735.0,77536.0,231476.0,56894.0,56343.0,62379.0
1428,0.0,18435.0,46102.0,87983.0,73145.0,54301.0,130270.0,46659.0,45373.0,50287.0,104930.0,96322.0,68924.0,159241.0,52251.0,52327.0,52883.0,116784.0,92424.0,72216.0,215590.0,48901.0,52677.0,60608.0,133681.0,117735.0,77536.0,231476.0,56894.0,56343.0
0,1428.0,0.0,18435.0,46102.0,87983.0,73145.0,54301.0,130270.0,46659.0,45373.0,50287.0,104930.0,96322.0,68924.0,159241.0,52251.0,52327.0,52883.0,116784.0,92424.0,72216.0,215590.0,48901.0,52677.0,60608.0,133681.0,117735.0,77536.0,231476.0,56894.0
40906,0.0,1428.0,0.0,18435.0,46102.0,87983.0,73145.0,54301.0,130270.0,46659.0,45373.0,50287.0,104930.0,96322.0,68924.0,159241.0,52251.0,52327.0,52883.0,116784.0,92424.0,72216.0,215590.0,48901.0,52677.0,60608.0,133681.0,117735.0,77536.0,231476.0
48438,40906.0,0.0,1428.0,0.0,18435.0,46102.0,87983.0,73145.0,54301.0,130270.0,46659.0,45373.0,50287.0,104930.0,96322.0,68924.0,159241.0,52251.0,52327.0,52883.0,116784.0,92424.0,72216.0,215590.0,48901.0,52677.0,60608.0,133681.0,117735.0,77536.0
31174,48438.0,40906.0,0.0,1428.0,0.0,18435.0,46102.0,87983.0,73145.0,54301.0,130270.0,46659.0,45373.0,50287.0,104930.0,96322.0,68924.0,159241.0,52251.0,52327.0,52883.0,116784.0,92424.0,72216.0,215590.0,48901.0,52677.0,60608.0,133681.0,117735.0
29657,31174.0,48438.0,40906.0,0.0,1428.0,0.0,18435.0,46102.0,87983.0,73145.0,54301.0,130270.0,46659.0,45373.0,50287.0,104930.0,96322.0,68924.0,159241.0,52251.0,52327.0,52883.0,116784.0,92424.0,72216.0,215590.0,48901.0,52677.0,60608.0,133681.0
29135,29657.0,31174.0,48438.0,40906.0,0.0,1428.0,0.0,18435.0,46102.0,87983.0,73145.0,54301.0,130270.0,46659.0,45373.0,50287.0,104930.0,96322.0,68924.0,159241.0,52251.0,52327.0,52883.0,116784.0,92424.0,72216.0,215590.0,48901.0,52677.0,60608.0
89109,29135.0,29657.0,31174.0,48438.0,40906.0,0.0,1428.0,0.0,18435.0,46102.0,87983.0,73145.0,54301.0,130270.0,46659.0,45373.0,50287.0,104930.0,96322.0,68924.0,159241.0,52251.0,52327.0,52883.0,116784.0,92424.0,72216.0,215590.0,48901.0,52677.0
43402,89109.0,29135.0,29657.0,31174.0,48438.0,40906.0,0.0,1428.0,0.0,18435.0,46102.0,87983.0,73145.0,54301.0,130270.0,46659.0,45373.0,50287.0,104930.0,96322.0,68924.0,159241.0,52251.0,52327.0,52883.0,116784.0,92424.0,72216.0,215590.0,48901.0
52887,43402.0,89109.0,29135.0,29657.0,31174.0,48438.0,40906.0,0.0,1428.0,0.0,18435.0,46102.0,87983.0,73145.0,54301.0,130270.0,46659.0,45373.0,50287.0,104930.0,96322.0,68924.0,159241.0,52251.0,52327.0,52883.0,116784.0,92424.0,72216.0,215590.0
26034,52887.0,43402.0,89109.0,29135.0,29657.0,31174.0,48438.0,40906.0,0.0,1428.0,0.0,18435.0,46102.0,87983.0,73145.0,54301.0,130270.0,46659.0,45373.0,50287.0,104930.0,96322.0,68924.0,159241.0,52251.0,52327.0,52883.0,116784.0,92424.0,72216.0
55904,26034.0,52887.0,43402.0,89109.0,29135.0,29657.0,31174.0,48438.0,40906.0,0.0,1428.0,0.0,18435.0,46102.0,87983.0,73145.0,54301.0,130270.0,46659.0,45373.0,50287.0,104930.0,96322.0,68924.0,159241.0,52251.0,52327.0,52883.0,116784.0,92424.0
26456,55904.0,26034.0,52887.0,43402.0,89109.0,29135.0,29657.0,31174.0,48438.0,40906.0,0.0,1428.0,0.0,18435.0,46102.0,87983.0,73145.0,54301.0,130270.0,46659.0,45373.0,50287.0,104930.0,96322.0,68924.0,159241.0,52251.0,52327.0,52883.0,116784.0
25395,26456.0,55904.0,26034.0,52887.0,43402.0,89109.0,29135.0,29657.0,31174.0,48438.0,40906.0,0.0,1428.0,0.0,18435.0,46102.0,87983.0,73145.0,54301.0,130270.0,46659.0,45373.0,50287.0,104930.0,96322.0,68924.0,159241.0,52251.0,52327.0,52883.0
127072,25395.0,26456.0,55904.0,26034.0,52887.0,43402.0,89109.0,29135.0,29657.0,31174.0,48438.0,40906.0,0.0,1428.0,0.0,18435.0,46102.0,87983.0,73145.0,54301.0,130270.0,46659.0,45373.0,50287.0,104930.0,96322.0,68924.0,159241.0,52251.0,52327.0
16072,127072.0,25395.0,26456.0,55904.0,26034.0,52887.0,43402.0,89109.0,29135.0,29657.0,31174.0,48438.0,40906.0,0.0,1428.0,0.0,18435.0,46102.0,87983.0,73145.0,54301.0,130270.0,46659.0,45373.0,50287.0,104930.0,96322.0,68924.0,159241.0,52251.0
47514,16072.0,127072.0,25395.0,26456.0,55904.0,26034.0,52887.0,43402.0,89109.0,29135.0,29657.0,31174.0,48438.0,40906.0,0.0,1428.0,0.0,18435.0,46102.0,87983.0,73145.0,54301.0,130270.0,46659.0,45373.0,50287.0,104930.0,96322.0,68924.0,159241.0
59225,47514.0,16072.0,127072.0,25395.0,26456.0,55904.0,26034.0,52887.0,43402.0,89109.0,29135.0,29657.0,31174.0,48438.0,40906.0,0.0,1428.0,0.0,18435.0,46102.0,87983.0,73145.0,54301.0,130270.0,46659.0,45373.0,50287.0,104930.0,96322.0,68924.0
27775,59225.0,47514.0,16072.0,127072.0,25395.0,26456.0,55904.0,26034.0,52887.0,43402.0,89109.0,29135.0,29657.0,31174.0,48438.0,40906.0,0.0,1428.0,0.0,18435.0,46102.0,87983.0,73145.0,54301.0,130270.0,46659.0,45373.0,50287.0,104930.0,96322.0
23315,27775.0,59225.0,47514.0,16072.0,127072.0,25395.0,26456.0,55904.0,26034.0,52887.0,43402.0,89109.0,29135.0,29657.0,31174.0,48438.0,40906.0,0.0,1428.0,0.0,18435.0,46102.0,87983.0,73145.0,54301.0,130270.0,46659.0,45373.0,50287.0,104930.0
10742,23315.0,27775.0,59225.0,47514.0,16072.0,127072.0,25395.0,26456.0,55904.0,26034.0,52887.0,43402.0,89109.0,29135.0,29657.0,31174.0,48438.0,40906.0,0.0,1428.0,0.0,18435.0,46102.0,87983.0,73145.0,54301.0,130270.0,46659.0,45373.0,50287.0
103368,10742.0,23315.0,27775.0,59225.0,47514.0,16072.0,127072.0,25395.0,26456.0,55904.0,26034.0,52887.0,43402.0,89109.0,29135.0,29657.0,31174.0,48438.0,40906.0,0.0,1428.0,0.0,18435.0,46102.0,87983.0,73145.0,54301.0,130270.0,46659.0,45373.0
28569,103368.0,10742.0,23315.0,27775.0,59225.0,47514.0,16072.0,127072.0,25395.0,26456.0,55904.0,26034.0,52887.0,43402.0,89109.0,29135.0,29657.0,31174.0,48438.0,40906.0,0.0,1428.0,0.0,18435.0,46102.0,87983.0,73145.0,54301.0,130270.0,46659.0
54194,28569.0,103368.0,10742.0,23315.0,27775.0,59225.0,47514.0,16072.0,127072.0,25395.0,26456.0,55904.0,26034.0,52887.0,43402.0,89109.0,29135.0,29657.0,31174.0,48438.0,40906.0,0.0,1428.0,0.0,18435.0,46102.0,87983.0,73145.0,54301.0,130270.0
68344,54194.0,28569.0,103368.0,10742.0,23315.0,27775.0,59225.0,47514.0,16072.0,127072.0,25395.0,26456.0,55904.0,26034.0,52887.0,43402.0,89109.0,29135.0,29657.0,31174.0,48438.0,40906.0,0.0,1428.0,0.0,18435.0,46102.0,87983.0,73145.0,54301.0
30960,68344.0,54194.0,28569.0,103368.0,10742.0,23315.0,27775.0,59225.0,47514.0,16072.0,127072.0,25395.0,26456.0,55904.0,26034.0,52887.0,43402.0,89109.0,29135.0,29657.0,31174.0,48438.0,40906.0,0.0,1428.0,0.0,18435.0,46102.0,87983.0,73145.0
28217,30960.0,68344.0,54194.0,28569.0,103368.0,10742.0,23315.0,27775.0,59225.0,47514.0,16072.0,127072.0,25395.0,26456.0,55904.0,26034.0,52887.0,43402.0,89109.0,29135.0,29657.0,31174.0,48438.0,40906.0,0.0,1428.0,0.0,18435.0,46102.0,87983.0
26768,28217.0,30960.0,68344.0,54194.0,28569.0,103368.0,10742.0,23315.0,27775.0,59225.0,47514.0,16072.0,127072.0,25395.0,26456.0,55904.0,26034.0,52887.0,43402.0,89109.0,29135.0,29657.0,31174.0,48438.0,40906.0,0.0,1428.0,0.0,18435.0,46102.0
145928,26768.0,28217.0,30960.0,68344.0,54194.0,28569.0,103368.0,10742.0,23315.0,27775.0,59225.0,47514.0,16072.0,127072.0,25395.0,26456.0,55904.0,26034.0,52887.0,43402.0,89109.0,29135.0,29657.0,31174.0,48438.0,40906.0,0.0,1428.0,0.0,18435.0
52890,145928.0,26768.0,28217.0,30960.0,68344.0,54194.0,28569.0,103368.0,10742.0,23315.0,27775.0,59225.0,47514.0,16072.0,127072.0,25395.0,26456.0,55904.0,26034.0,52887.0,43402.0,89109.0,29135.0,29657.0,31174.0,48438.0,40906.0,0.0,1428.0,0.0
84677,52890.0,145928.0,26768.0,28217.0,30960.0,68344.0,54194.0,28569.0,103368.0,10742.0,23315.0,27775.0,59225.0,47514.0,16072.0,127072.0,25395.0,26456.0,55904.0,26034.0,52887.0,43402.0,89109.0,29135.0,29657.0,31174.0,48438.0,40906.0,0.0,1428.0
100201,84677.0,52890.0,145928.0,26768.0,28217.0,30960.0,68344.0,54194.0,28569.0,103368.0,10742.0,23315.0,27775.0,59225.0,47514.0,16072.0,127072.0,25395.0,26456.0,55904.0,26034.0,52887.0,43402.0,89109.0,29135.0,29657.0,31174.0,48438.0,40906.0,0.0
58243,100201.0,84677.0,52890.0,145928.0,26768.0,28217.0,30960.0,68344.0,54194.0,28569.0,103368.0,10742.0,23315.0,27775.0,59225.0,47514.0,16072.0,127072.0,25395.0,26456.0,55904.0,26034.0,52887.0,43402.0,89109.0,29135.0,29657.0,31174.0,48438.0,40906.0
25727,58243.0,100201.0,84677.0,52890.0,145928.0,26768.0,28217.0,30960.0,68344.0,54194.0,28569.0,103368.0,10742.0,23315.0,27775.0,59225.0,47514.0,16072.0,127072.0,25395.0,26456.0,55904.0,26034.0,52887.0,43402.0,89109.0,29135.0,29657.0,31174.0,48438.0
239,25727.0,58243.0,100201.0,84677.0,52890.0,145928.0,26768.0,28217.0,30960.0,68344.0,54194.0,28569.0,103368.0,10742.0,23315.0,27775.0,59225.0,47514.0,16072.0,127072.0,25395.0,26456.0,55904.0,26034.0,52887.0,43402.0,89109.0,29135.0,29657.0,31174.0
192812,239.0,25727.0,58243.0,100201.0,84677.0,52890.0,145928.0,26768.0,28217.0,30960.0,68344.0,54194.0,28569.0,103368.0,10742.0,23315.0,27775.0,59225.0,47514.0,16072.0,127072.0,25395.0,26456.0,55904.0,26034.0,52887.0,43402.0,89109.0,29135.0,29657.0
66224,192812.0,239.0,25727.0,58243.0,100201.0,84677.0,52890.0,145928.0,26768.0,28217.0,30960.0,68344.0,54194.0,28569.0,103368.0,10742.0,23315.0,27775.0,59225.0,47514.0,16072.0,127072.0,25395.0,26456.0,55904.0,26034.0,52887.0,43402.0,89109.0,29135.0
107183,66224.0,192812.0,239.0,25727.0,58243.0,100201.0,84677.0,52890.0,145928.0,26768.0,28217.0,30960.0,68344.0,54194.0,28569.0,103368.0,10742.0,23315.0,27775.0,59225.0,47514.0,16072.0,127072.0,25395.0,26456.0,55904.0,26034.0,52887.0,43402.0,89109.0
142586,107183.0,66224.0,192812.0,239.0,25727.0,58243.0,100201.0,84677.0,52890.0,145928.0,26768.0,28217.0,30960.0,68344.0,54194.0,28569.0,103368.0,10742.0,23315.0,27775.0,59225.0,47514.0,16072.0,127072.0,25395.0,26456.0,55904.0,26034.0,52887.0,43402.0
67503,142586.0,107183.0,66224.0,192812.0,239.0,25727.0,58243.0,100201.0,84677.0,52890.0,145928.0,26768.0,28217.0,30960.0,68344.0,54194.0,28569.0,103368.0,10742.0,23315.0,27775.0,59225.0,47514.0,16072.0,127072.0,25395.0,26456.0,55904.0,26034.0,52887.0
54132,67503.0,142586.0,107183.0,66224.0,192812.0,239.0,25727.0,58243.0,100201.0,84677.0,52890.0,145928.0,26768.0,28217.0,30960.0,68344.0,54194.0,28569.0,103368.0,10742.0,23315.0,27775.0,59225.0,47514.0,16072.0,127072.0,25395.0,26456.0,55904.0,26034.0
62433,54132.0,67503.0,142586.0,107183.0,66224.0,192812.0,239.0,25727.0,58243.0,100201.0,84677.0,52890.0,145928.0,26768.0,28217.0,30960.0,68344.0,54194.0,28569.0,103368.0,10742.0,23315.0,27775.0,59225.0,47514.0,16072.0,127072.0,25395.0,26456.0,55904.0
237871,62433.0,54132.0,67503.0,142586.0,107183.0,66224.0,192812.0,239.0,25727.0,58243.0,100201.0,84677.0,52890.0,145928.0,26768.0,28217.0,30960.0,68344.0,54194.0,28569.0,103368.0,10742.0,23315.0,27775.0,59225.0,47514.0,16072.0,127072.0,25395.0,26456.0
87295,237871.0,62433.0,54132.0,67503.0,142586.0,107183.0,66224.0,192812.0,239.0,25727.0,58243.0,100201.0,84677.0,52890.0,145928.0,26768.0,28217.0,30960.0,68344.0,54194.0,28569.0,103368.0,10742.0,23315.0,27775.0,59225.0,47514.0,16072.0,127072.0,25395.0
119164,87295.0,237871.0,62433.0,54132.0,67503.0,142586.0,107183.0,66224.0,192812.0,239.0,25727.0,58243.0,100201.0,84677.0,52890.0,145928.0,26768.0,28217.0,30960.0,68344.0,54194.0,28569.0,103368.0,10742.0,23315.0,27775.0,59225.0,47514.0,16072.0,127072.0
152974,119164.0,87295.0,237871.0,62433.0,54132.0,67503.0,142586.0,107183.0,66224.0,192812.0,239.0,25727.0,58243.0,100201.0,84677.0,52890.0,145928.0,26768.0,28217.0,30960.0,68344.0,54194.0,28569.0,103368.0,10742.0,23315.0,27775.0,59225.0,47514.0,16072.0
76194,152974.0,119164.0,87295.0,237871.0,62433.0,54132.0,67503.0,142586.0,107183.0,66224.0,192812.0,239.0,25727.0,58243.0,100201.0,84677.0,52890.0,145928.0,26768.0,28217.0,30960.0,68344.0,54194.0,28569.0,103368.0,10742.0,23315.0,27775.0,59225.0,47514.0
63337,76194.0,152974.0,119164.0,87295.0,237871.0,62433.0,54132.0,67503.0,142586.0,107183.0,66224.0,192812.0,239.0,25727.0,58243.0,100201.0,84677.0,52890.0,145928.0,26768.0,28217.0,30960.0,68344.0,54194.0,28569.0,103368.0,10742.0,23315.0,27775.0,59225.0
58526,63337.0,76194.0,152974.0,119164.0,87295.0,237871.0,62433.0,54132.0,67503.0,142586.0,107183.0,66224.0,192812.0,239.0,25727.0,58243.0,100201.0,84677.0,52890.0,145928.0,26768.0,28217.0,30960.0,68344.0,54194.0,28569.0,103368.0,10742.0,23315.0,27775.0
241204,58526.0,63337.0,76194.0,152974.0,119164.0,87295.0,237871.0,62433.0,54132.0,67503.0,142586.0,107183.0,66224.0,192812.0,239.0,25727.0,58243.0,100201.0,84677.0,52890.0,145928.0,26768.0,28217.0,30960.0,68344.0,54194.0,28569.0,103368.0,10742.0,23315.0
77161,241204.0,58526.0,63337.0,76194.0,152974.0,119164.0,87295.0,237871.0,62433.0,54132.0,67503.0,142586.0,107183.0,66224.0,192812.0,239.0,25727.0,58243.0,100201.0,84677.0,52890.0,145928.0,26768.0,28217.0,30960.0,68344.0,54194.0,28569.0,103368.0,10742.0
107303,77161.0,241204.0,58526.0,63337.0,76194.0,152974.0,119164.0,87295.0,237871.0,62433.0,54132.0,67503.0,142586.0,107183.0,66224.0,192812.0,239.0,25727.0,58243.0,100201.0,84677.0,52890.0,145928.0,26768.0,28217.0,30960.0,68344.0,54194.0,28569.0,103368.0
134072,107303.0,77161.0,241204.0,58526.0,63337.0,76194.0,152974.0,119164.0,87295.0,237871.0,62433.0,54132.0,67503.0,142586.0,107183.0,66224.0,192812.0,239.0,25727.0,58243.0,100201.0,84677.0,52890.0,145928.0,26768.0,28217.0,30960.0,68344.0,54194.0,28569.0
66451,134072.0,107303.0,77161.0,241204.0,58526.0,63337.0,76194.0,152974.0,119164.0,87295.0,237871.0,62433.0,54132.0,67503.0,142586.0,107183.0,66224.0,192812.0,239.0,25727.0,58243.0,100201.0,84677.0,52890.0,145928.0,26768.0,28217.0,30960.0,68344.0,54194.0
52871,66451.0,134072.0,107303.0,77161.0,241204.0,58526.0,63337.0,76194.0,152974.0,119164.0,87295.0,237871.0,62433.0,54132.0,67503.0,142586.0,107183.0,66224.0,192812.0,239.0,25727.0,58243.0,100201.0,84677.0,52890.0,145928.0,26768.0,28217.0,30960.0,68344.0
55868,52871.0,66451.0,134072.0,107303.0,77161.0,241204.0,58526.0,63337.0,76194.0,152974.0,119164.0,87295.0,237871.0,62433.0,54132.0,67503.0,142586.0,107183.0,66224.0,192812.0,239.0,25727.0,58243.0,100201.0,84677.0,52890.0,145928.0,26768.0,28217.0,30960.0
245972,55868.0,52871.0,66451.0,134072.0,107303.0,77161.0,241204.0,58526.0,63337.0,76194.0,152974.0,119164.0,87295.0,237871.0,62433.0,54132.0,67503.0,142586.0,107183.0,66224.0,192812.0,239.0,25727.0,58243.0,100201.0,84677.0,52890.0,145928.0,26768.0,28217.0
79706,245972.0,55868.0,52871.0,66451.0,134072.0,107303.0,77161.0,241204.0,58526.0,63337.0,76194.0,152974.0,119164.0,87295.0,237871.0,62433.0,54132.0,67503.0,142586.0,107183.0,66224.0,192812.0,239.0,25727.0,58243.0,100201.0,84677.0,52890.0,145928.0,26768.0
105001,79706.0,245972.0,55868.0,52871.0,66451.0,134072.0,107303.0,77161.0,241204.0,58526.0,63337.0,76194.0,152974.0,119164.0,87295.0,237871.0,62433.0,54132.0,67503.0,142586.0,107183.0,66224.0,192812.0,239.0,25727.0,58243.0,100201.0,84677.0,52890.0,145928.0
136647,105001.0,79706.0,245972.0,55868.0,52871.0,66451.0,134072.0,107303.0,77161.0,241204.0,58526.0,63337.0,76194.0,152974.0,119164.0,87295.0,237871.0,62433.0,54132.0,67503.0,142586.0,107183.0,66224.0,192812.0,239.0,25727.0,58243.0,100201.0,84677.0,52890.0
68980,136647.0,105001.0,79706.0,245972.0,55868.0,52871.0,66451.0,134072.0,107303.0,77161.0,241204.0,58526.0,63337.0,76194.0,152974.0,119164.0,87295.0,237871.0,62433.0,54132.0,67503.0,142586.0,107183.0,66224.0,192812.0,239.0,25727.0,58243.0,100201.0,84677.0
55486,68980.0,136647.0,105001.0,79706.0,245972.0,55868.0,52871.0,66451.0,134072.0,107303.0,77161.0,241204.0,58526.0,63337.0,76194.0,152974.0,119164.0,87295.0,237871.0,62433.0,54132.0,67503.0,142586.0,107183.0,66224.0,192812.0,239.0,25727.0,58243.0,100201.0
52949,55486.0,68980.0,136647.0,105001.0,79706.0,245972.0,55868.0,52871.0,66451.0,134072.0,107303.0,77161.0,241204.0,58526.0,63337.0,76194.0,152974.0,119164.0,87295.0,237871.0,62433.0,54132.0,67503.0,142586.0,107183.0,66224.0,192812.0,239.0,25727.0,58243.0
246260,52949.0,55486.0,68980.0,136647.0,105001.0,79706.0,245972.0,55868.0,52871.0,66451.0,134072.0,107303.0,77161.0,241204.0,58526.0,63337.0,76194.0,152974.0,119164.0,87295.0,237871.0,62433.0,54132.0,67503.0,142586.0,107183.0,66224.0,192812.0,239.0,25727.0
78209,246260.0,52949.0,55486.0,68980.0,136647.0,105001.0,79706.0,245972.0,55868.0,52871.0,66451.0,134072.0,107303.0,77161.0,241204.0,58526.0,63337.0,76194.0,152974.0,119164.0,87295.0,237871.0,62433.0,54132.0,67503.0,142586.0,107183.0,66224.0,192812.0,239.0
106050,78209.0,246260.0,52949.0,55486.0,68980.0,136647.0,105001.0,79706.0,245972.0,55868.0,52871.0,66451.0,134072.0,107303.0,77161.0,241204.0,58526.0,63337.0,76194.0,152974.0,119164.0,87295.0,237871.0,62433.0,54132.0,67503.0,142586.0,107183.0,66224.0,192812.0
136444,106050.0,78209.0,246260.0,52949.0,55486.0,68980.0,136647.0,105001.0,79706.0,245972.0,55868.0,52871.0,66451.0,134072.0,107303.0,77161.0,241204.0,58526.0,63337.0,76194.0,152974.0,119164.0,87295.0,237871.0,62433.0,54132.0,67503.0,142586.0,107183.0,66224.0
60613,136444.0,106050.0,78209.0,246260.0,52949.0,55486.0,68980.0,136647.0,105001.0,79706.0,245972.0,55868.0,52871.0,66451.0,134072.0,107303.0,77161.0,241204.0,58526.0,63337.0,76194.0,152974.0,119164.0,87295.0,237871.0,62433.0,54132.0,67503.0,142586.0,107183.0
49482,60613.0,136444.0,106050.0,78209.0,246260.0,52949.0,55486.0,68980.0,136647.0,105001.0,79706.0,245972.0,55868.0,52871.0,66451.0,134072.0,107303.0,77161.0,241204.0,58526.0,63337.0,76194.0,152974.0,119164.0,87295.0,237871.0,62433.0,54132.0,67503.0,142586.0
51325,49482.0,60613.0,136444.0,106050.0,78209.0,246260.0,52949.0,55486.0,68980.0,136647.0,105001.0,79706.0,245972.0,55868.0,52871.0,66451.0,134072.0,107303.0,77161.0,241204.0,58526.0,63337.0,76194.0,152974.0,119164.0,87295.0,237871.0,62433.0,54132.0,67503.0
237251,51325.0,49482.0,60613.0,136444.0,106050.0,78209.0,246260.0,52949.0,55486.0,68980.0,136647.0,105001.0,79706.0,245972.0,55868.0,52871.0,66451.0,134072.0,107303.0,77161.0,241204.0,58526.0,63337.0,76194.0,152974.0,119164.0,87295.0,237871.0,62433.0,54132.0
70360,237251.0,51325.0,49482.0,60613.0,136444.0,106050.0,78209.0,246260.0,52949.0,55486.0,68980.0,136647.0,105001.0,79706.0,245972.0,55868.0,52871.0,66451.0,134072.0,107303.0,77161.0,241204.0,58526.0,63337.0,76194.0,152974.0,119164.0,87295.0,237871.0,62433.0
91990,70360.0,237251.0,51325.0,49482.0,60613.0,136444.0,106050.0,78209.0,246260.0,52949.0,55486.0,68980.0,136647.0,105001.0,79706.0,245972.0,55868.0,52871.0,66451.0,134072.0,107303.0,77161.0,241204.0,58526.0,63337.0,76194.0,152974.0,119164.0,87295.0,237871.0
118680,91990.0,70360.0,237251.0,51325.0,49482.0,60613.0,136444.0,106050.0,78209.0,246260.0,52949.0,55486.0,68980.0,136647.0,105001.0,79706.0,245972.0,55868.0,52871.0,66451.0,134072.0,107303.0,77161.0,241204.0,58526.0,63337.0,76194.0,152974.0,119164.0,87295.0
54845,118680.0,91990.0,70360.0,237251.0,51325.0,49482.0,60613.0,136444.0,106050.0,78209.0,246260.0,52949.0,55486.0,68980.0,136647.0,105001.0,79706.0,245972.0,55868.0,52871.0,66451.0,134072.0,107303.0,77161.0,241204.0,58526.0,63337.0,76194.0,152974.0,119164.0
43027,54845.0,118680.0,91990.0,70360.0,237251.0,51325.0,49482.0,60613.0,136444.0,106050.0,78209.0,246260.0,52949.0,55486.0,68980.0,136647.0,105001.0,79706.0,245972.0,55868.0,52871.0,66451.0,134072.0,107303.0,77161.0,241204.0,58526.0,63337.0,76194.0,152974.0
45664,43027.0,54845.0,118680.0,91990.0,70360.0,237251.0,51325.0,49482.0,60613.0,136444.0,106050.0,78209.0,246260.0,52949.0,55486.0,68980.0,136647.0,105001.0,79706.0,245972.0,55868.0,52871.0,66451.0,134072.0,107303.0,77161.0,241204.0,58526.0,63337.0,76194.0
194225,45664.0,43027.0,54845.0,118680.0,91990.0,70360.0,237251.0,51325.0,49482.0,60613.0,136444.0,106050.0,78209.0,246260.0,52949.0,55486.0,68980.0,136647.0,105001.0,79706.0,245972.0,55868.0,52871.0,66451.0,134072.0,107303.0,77161.0,241204.0,58526.0,63337.0
97523,194225.0,45664.0,43027.0,54845.0,118680.0,91990.0,70360.0,237251.0,51325.0,49482.0,60613.0,136444.0,106050.0,78209.0,246260.0,52949.0,55486.0,68980.0,136647.0,105001.0,79706.0,245972.0,55868.0,52871.0,66451.0,134072.0,107303.0,77161.0,241204.0,58526.0
75412,97523.0,194225.0,45664.0,43027.0,54845.0,118680.0,91990.0,70360.0,237251.0,51325.0,49482.0,60613.0,136444.0,106050.0,78209.0,246260.0,52949.0,55486.0,68980.0,136647.0,105001.0,79706.0,245972.0,55868.0,52871.0,66451.0,134072.0,107303.0,77161.0,241204.0
92444,75412.0,97523.0,194225.0,45664.0,43027.0,54845.0,118680.0,91990.0,70360.0,237251.0,51325.0,49482.0,60613.0,136444.0,106050.0,78209.0,246260.0,52949.0,55486.0,68980.0,136647.0,105001.0,79706.0,245972.0,55868.0,52871.0,66451.0,134072.0,107303.0,77161.0
45191,92444.0,75412.0,97523.0,194225.0,45664.0,43027.0,54845.0,118680.0,91990.0,70360.0,237251.0,51325.0,49482.0,60613.0,136444.0,106050.0,78209.0,246260.0,52949.0,55486.0,68980.0,136647.0,105001.0,79706.0,245972.0,55868.0,52871.0,66451.0,134072.0,107303.0
40022,45191.0,92444.0,75412.0,97523.0,194225.0,45664.0,43027.0,54845.0,118680.0,91990.0,70360.0,237251.0,51325.0,49482.0,60613.0,136444.0,106050.0,78209.0,246260.0,52949.0,55486.0,68980.0,136647.0,105001.0,79706.0,245972.0,55868.0,52871.0,66451.0,134072.0
33097,40022.0,45191.0,92444.0,75412.0,97523.0,194225.0,45664.0,43027.0,54845.0,118680.0,91990.0,70360.0,237251.0,51325.0,49482.0,60613.0,136444.0,106050.0,78209.0,246260.0,52949.0,55486.0,68980.0,136647.0,105001.0,79706.0,245972.0,55868.0,52871.0,66451.0
178864,33097.0,40022.0,45191.0,92444.0,75412.0,97523.0,194225.0,45664.0,43027.0,54845.0,118680.0,91990.0,70360.0,237251.0,51325.0,49482.0,60613.0,136444.0,106050.0,78209.0,246260.0,52949.0,55486.0,68980.0,136647.0,105001.0,79706.0,245972.0,55868.0,52871.0
45969,178864.0,33097.0,40022.0,45191.0,92444.0,75412.0,97523.0,194225.0,45664.0,43027.0,54845.0,118680.0,91990.0,70360.0,237251.0,51325.0,49482.0,60613.0,136444.0,106050.0,78209.0,246260.0,52949.0,55486.0,68980.0,136647.0,105001.0,79706.0,245972.0,55868.0
74497,45969.0,178864.0,33097.0,40022.0,45191.0,92444.0,75412.0,97523.0,194225.0,45664.0,43027.0,54845.0,118680.0,91990.0,70360.0,237251.0,51325.0,49482.0,60613.0,136444.0,106050.0,78209.0,246260.0,52949.0,55486.0,68980.0,136647.0,105001.0,79706.0,245972.0
85167,74497.0,45969.0,178864.0,33097.0,40022.0,45191.0,92444.0,75412.0,97523.0,194225.0,45664.0,43027.0,54845.0,118680.0,91990.0,70360.0,237251.0,51325.0,49482.0,60613.0,136444.0,106050.0,78209.0,246260.0,52949.0,55486.0,68980.0,136647.0,105001.0,79706.0
39044,85167.0,74497.0,45969.0,178864.0,33097.0,40022.0,45191.0,92444.0,75412.0,97523.0,194225.0,45664.0,43027.0,54845.0,118680.0,91990.0,70360.0,237251.0,51325.0,49482.0,60613.0,136444.0,106050.0,78209.0,246260.0,52949.0,55486.0,68980.0,136647.0,105001.0
31772,39044.0,85167.0,74497.0,45969.0,178864.0,33097.0,40022.0,45191.0,92444.0,75412.0,97523.0,194225.0,45664.0,43027.0,54845.0,118680.0,91990.0,70360.0,237251.0,51325.0,49482.0,60613.0,136444.0,106050.0,78209.0,246260.0,52949.0,55486.0,68980.0,136647.0
30761,31772.0,39044.0,85167.0,74497.0,45969.0,178864.0,33097.0,40022.0,45191.0,92444.0,75412.0,97523.0,194225.0,45664.0,43027.0,54845.0,118680.0,91990.0,70360.0,237251.0,51325.0,49482.0,60613.0,136444.0,106050.0,78209.0,246260.0,52949.0,55486.0,68980.0
169217,30761.0,31772.0,39044.0,85167.0,74497.0,45969.0,178864.0,33097.0,40022.0,45191.0,92444.0,75412.0,97523.0,194225.0,45664.0,43027.0,54845.0,118680.0,91990.0,70360.0,237251.0,51325.0,49482.0,60613.0,136444.0,106050.0,78209.0,246260.0,52949.0,55486.0
37626,169217.0,30761.0,31772.0,39044.0,85167.0,74497.0,45969.0,178864.0,33097.0,40022.0,45191.0,92444.0,75412.0,97523.0,194225.0,45664.0,43027.0,54845.0,118680.0,91990.0,70360.0,237251.0,51325.0,49482.0,60613.0,136444.0,106050.0,78209.0,246260.0,52949.0
57472,37626.0,169217.0,30761.0,31772.0,39044.0,85167.0,74497.0,45969.0,178864.0,33097.0,40022.0,45191.0,92444.0,75412.0,97523.0,194225.0,45664.0,43027.0,54845.0,118680.0,91990.0,70360.0,237251.0,51325.0,49482.0,60613.0,136444.0,106050.0,78209.0,246260.0
74011,57472.0,37626.0,169217.0,30761.0,31772.0,39044.0,85167.0,74497.0,45969.0,178864.0,33097.0,40022.0,45191.0,92444.0,75412.0,97523.0,194225.0,45664.0,43027.0,54845.0,118680.0,91990.0,70360.0,237251.0,51325.0,49482.0,60613.0,136444.0,106050.0,78209.0
38807,74011.0,57472.0,37626.0,169217.0,30761.0,31772.0,39044.0,85167.0,74497.0,45969.0,178864.0,33097.0,40022.0,45191.0,92444.0,75412.0,97523.0,194225.0,45664.0,43027.0,54845.0,118680.0,91990.0,70360.0,237251.0,51325.0,49482.0,60613.0,136444.0,106050.0
37741,38807.0,74011.0,57472.0,37626.0,169217.0,30761.0,31772.0,39044.0,85167.0,74497.0,45969.0,178864.0,33097.0,40022.0,45191.0,92444.0,75412.0,97523.0,194225.0,45664.0,43027.0,54845.0,118680.0,91990.0,70360.0,237251.0,51325.0,49482.0,60613.0,136444.0
30908,37741.0,38807.0,74011.0,57472.0,37626.0,169217.0,30761.0,31772.0,39044.0,85167.0,74497.0,45969.0,178864.0,33097.0,40022.0,45191.0,92444.0,75412.0,97523.0,194225.0,45664.0,43027.0,54845.0,118680.0,91990.0,70360.0,237251.0,51325.0,49482.0,60613.0
86099,30908.0,37741.0,38807.0,74011.0,57472.0,37626.0,169217.0,30761.0,31772.0,39044.0,85167.0,74497.0,45969.0,178864.0,33097.0,40022.0,45191.0,92444.0,75412.0,97523.0,194225.0,45664.0,43027.0,54845.0,118680.0,91990.0,70360.0,237251.0,51325.0,49482.0
46787,86099.0,30908.0,37741.0,38807.0,74011.0,57472.0,37626.0,169217.0,30761.0,31772.0,39044.0,85167.0,74497.0,45969.0,178864.0,33097.0,40022.0,45191.0,92444.0,75412.0,97523.0,194225.0,45664.0,43027.0,54845.0,118680.0,91990.0,70360.0,237251.0,51325.0
22306,46787.0,86099.0,30908.0,37741.0,38807.0,74011.0,57472.0,37626.0,169217.0,30761.0,31772.0,39044.0,85167.0,74497.0,45969.0,178864.0,33097.0,40022.0,45191.0,92444.0,75412.0,97523.0,194225.0,45664.0,43027.0,54845.0,118680.0,91990.0,70360.0,237251.0
25720,22306.0,46787.0,86099.0,30908.0,37741.0,38807.0,74011.0,57472.0,37626.0,169217.0,30761.0,31772.0,39044.0,85167.0,74497.0,45969.0,178864.0,33097.0,40022.0,45191.0,92444.0,75412.0,97523.0,194225.0,45664.0,43027.0,54845.0,118680.0,91990.0,70360.0
12325,25720.0,22306.0,46787.0,86099.0,30908.0,37741.0,38807.0,74011.0,57472.0,37626.0,169217.0,30761.0,31772.0,39044.0,85167.0,74497.0,45969.0,178864.0,33097.0,40022.0,45191.0,92444.0,75412.0,97523.0,194225.0,45664.0,43027.0,54845.0,118680.0,91990.0
10624,12325.0,25720.0,22306.0,46787.0,86099.0,30908.0,37741.0,38807.0,74011.0,57472.0,37626.0,169217.0,30761.0,31772.0,39044.0,85167.0,74497.0,45969.0,178864.0,33097.0,40022.0,45191.0,92444.0,75412.0,97523.0,194225.0,45664.0,43027.0,54845.0,118680.0
8820,10624.0,12325.0,25720.0,22306.0,46787.0,86099.0,30908.0,37741.0,38807.0,74011.0,57472.0,37626.0,169217.0,30761.0,31772.0,39044.0,85167.0,74497.0,45969.0,178864.0,33097.0,40022.0,45191.0,92444.0,75412.0,97523.0,194225.0,45664.0,43027.0,54845.0
9388,8820.0,10624.0,12325.0,25720.0,22306.0,46787.0,86099.0,30908.0,37741.0,38807.0,74011.0,57472.0,37626.0,169217.0,30761.0,31772.0,39044.0,85167.0,74497.0,45969.0,178864.0,33097.0,40022.0,45191.0,92444.0,75412.0,97523.0,194225.0,45664.0,43027.0
0,9388.0,8820.0,10624.0,12325.0,25720.0,22306.0,46787.0,86099.0,30908.0,37741.0,38807.0,74011.0,57472.0,37626.0,169217.0,30761.0,31772.0,39044.0,85167.0,74497.0,45969.0,178864.0,33097.0,40022.0,45191.0,92444.0,75412.0,97523.0,194225.0,45664.0
0,0.0,9388.0,8820.0,10624.0,12325.0,25720.0,22306.0,46787.0,86099.0,30908.0,37741.0,38807.0,74011.0,57472.0,37626.0,169217.0,30761.0,31772.0,39044.0,85167.0,74497.0,45969.0,178864.0,33097.0,40022.0,45191.0,92444.0,75412.0,97523.0,194225.0
8,0.0,0.0,9388.0,8820.0,10624.0,12325.0,25720.0,22306.0,46787.0,86099.0,30908.0,37741.0,38807.0,74011.0,57472.0,37626.0,169217.0,30761.0,31772.0,39044.0,85167.0,74497.0,45969.0,178864.0,33097.0,40022.0,45191.0,92444.0,75412.0,97523.0
381,8.0,0.0,0.0,9388.0,8820.0,10624.0,12325.0,25720.0,22306.0,46787.0,86099.0,30908.0,37741.0,38807.0,74011.0,57472.0,37626.0,169217.0,30761.0,31772.0,39044.0,85167.0,74497.0,45969.0,178864.0,33097.0,40022.0,45191.0,92444.0,75412.0
9782,381.0,8.0,0.0,0.0,9388.0,8820.0,10624.0,12325.0,25720.0,22306.0,46787.0,86099.0,30908.0,37741.0,38807.0,74011.0,57472.0,37626.0,169217.0,30761.0,31772.0,39044.0,85167.0,74497.0,45969.0,178864.0,33097.0,40022.0,45191.0,92444.0
10424,9782.0,381.0,8.0,0.0,0.0,9388.0,8820.0,10624.0,12325.0,25720.0,22306.0,46787.0,86099.0,30908.0,37741.0,38807.0,74011.0,57472.0,37626.0,169217.0,30761.0,31772.0,39044.0,85167.0,74497.0,45969.0,178864.0,33097.0,40022.0,45191.0
55258,10424.0,9782.0,381.0,8.0,0.0,0.0,9388.0,8820.0,10624.0,12325.0,25720.0,22306.0,46787.0,86099.0,30908.0,37741.0,38807.0,74011.0,57472.0,37626.0,169217.0,30761.0,31772.0,39044.0,85167.0,74497.0,45969.0,178864.0,33097.0,40022.0
39455,55258.0,10424.0,9782.0,381.0,8.0,0.0,0.0,9388.0,8820.0,10624.0,12325.0,25720.0,22306.0,46787.0,86099.0,30908.0,37741.0,38807.0,74011.0,57472.0,37626.0,169217.0,30761.0,31772.0,39044.0,85167.0,74497.0,45969.0,178864.0,33097.0
47218,39455.0,55258.0,10424.0,9782.0,381.0,8.0,0.0,0.0,9388.0,8820.0,10624.0,12325.0,25720.0,22306.0,46787.0,86099.0,30908.0,37741.0,38807.0,74011.0,57472.0,37626.0,169217.0,30761.0,31772.0,39044.0,85167.0,74497.0,45969.0,178864.0
81321,47218.0,39455.0,55258.0,10424.0,9782.0,381.0,8.0,0.0,0.0,9388.0,8820.0,10624.0,12325.0,25720.0,22306.0,46787.0,86099.0,30908.0,37741.0,38807.0,74011.0,57472.0,37626.0,169217.0,30761.0,31772.0,39044.0,85167.0,74497.0,45969.0
33312,81321.0,47218.0,39455.0,55258.0,10424.0,9782.0,381.0,8.0,0.0,0.0,9388.0,8820.0,10624.0,12325.0,25720.0,22306.0,46787.0,86099.0,30908.0,37741.0,38807.0,74011.0,57472.0,37626.0,169217.0,30761.0,31772.0,39044.0,85167.0,74497.0
28392,33312.0,81321.0,47218.0,39455.0,55258.0,10424.0,9782.0,381.0,8.0,0.0,0.0,9388.0,8820.0,10624.0,12325.0,25720.0,22306.0,46787.0,86099.0,30908.0,37741.0,38807.0,74011.0,57472.0,37626.0,169217.0,30761.0,31772.0,39044.0,85167.0
30550,28392.0,33312.0,81321.0,47218.0,39455.0,55258.0,10424.0,9782.0,381.0,8.0,0.0,0.0,9388.0,8820.0,10624.0,12325.0,25720.0,22306.0,46787.0,86099.0,30908.0,37741.0,38807.0,74011.0,57472.0,37626.0,169217.0,30761.0,31772.0,39044.0
138614,30550.0,28392.0,33312.0,81321.0,47218.0,39455.0,55258.0,10424.0,9782.0,381.0,8.0,0.0,0.0,9388.0,8820.0,10624.0,12325.0,25720.0,22306.0,46787.0,86099.0,30908.0,37741.0,38807.0,74011.0,57472.0,37626.0,169217.0,30761.0,31772.0
46726,138614.0,30550.0,28392.0,33312.0,81321.0,47218.0,39455.0,55258.0,10424.0,9782.0,381.0,8.0,0.0,0.0,9388.0,8820.0,10624.0,12325.0,25720.0,22306.0,46787.0,86099.0,30908.0,37741.0,38807.0,74011.0,57472.0,37626.0,169217.0,30761.0
89690,46726.0,138614.0,30550.0,28392.0,33312.0,81321.0,47218.0,39455.0,55258.0,10424.0,9782.0,381.0,8.0,0.0,0.0,9388.0,8820.0,10624.0,12325.0,25720.0,22306.0,46787.0,86099.0,30908.0,37741.0,38807.0,74011.0,57472.0,37626.0,169217.0
96911,89690.0,46726.0,138614.0,30550.0,28392.0,33312.0,81321.0,47218.0,39455.0,55258.0,10424.0,9782.0,381.0,8.0,0.0,0.0,9388.0,8820.0,10624.0,12325.0,25720.0,22306.0,46787.0,86099.0,30908.0,37741.0,38807.0,74011.0,57472.0,37626.0
89459,96911.0,89690.0,46726.0,138614.0,30550.0,28392.0,33312.0,81321.0,47218.0,39455.0,55258.0,10424.0,9782.0,381.0,8.0,0.0,0.0,9388.0,8820.0,10624.0,12325.0,25720.0,22306.0,46787.0,86099.0,30908.0,37741.0,38807.0,74011.0,57472.0
35375,89459.0,96911.0,89690.0,46726.0,138614.0,30550.0,28392.0,33312.0,81321.0,47218.0,39455.0,55258.0,10424.0,9782.0,381.0,8.0,0.0,0.0,9388.0,8820.0,10624.0,12325.0,25720.0,22306.0,46787.0,86099.0,30908.0,37741.0,38807.0,74011.0
32834,35375.0,89459.0,96911.0,89690.0,46726.0,138614.0,30550.0,28392.0,33312.0,81321.0,47218.0,39455.0,55258.0,10424.0,9782.0,381.0,8.0,0.0,0.0,9388.0,8820.0,10624.0,12325.0,25720.0,22306.0,46787.0,86099.0,30908.0,37741.0,38807.0
184161,32834.0,35375.0,89459.0,96911.0,89690.0,46726.0,138614.0,30550.0,28392.0,33312.0,81321.0,47218.0,39455.0,55258.0,10424.0,9782.0,381.0,8.0,0.0,0.0,9388.0,8820.0,10624.0,12325.0,25720.0,22306.0,46787.0,86099.0,30908.0,37741.0
67403,184161.0,32834.0,35375.0,89459.0,96911.0,89690.0,46726.0,138614.0,30550.0,28392.0,33312.0,81321.0,47218.0,39455.0,55258.0,10424.0,9782.0,381.0,8.0,0.0,0.0,9388.0,8820.0,10624.0,12325.0,25720.0,22306.0,46787.0,86099.0,30908.0
124654,67403.0,184161.0,32834.0,35375.0,89459.0,96911.0,89690.0,46726.0,138614.0,30550.0,28392.0,33312.0,81321.0,47218.0,39455.0,55258.0,10424.0,9782.0,381.0,8.0,0.0,0.0,9388.0,8820.0,10624.0,12325.0,25720.0,22306.0,46787.0,86099.0
146927,124654.0,67403.0,184161.0,32834.0,35375.0,89459.0,96911.0,89690.0,46726.0,138614.0,30550.0,28392.0,33312.0,81321.0,47218.0,39455.0,55258.0,10424.0,9782.0,381.0,8.0,0.0,0.0,9388.0,8820.0,10624.0,12325.0,25720.0,22306.0,46787.0
61632,146927.0,124654.0,67403.0,184161.0,32834.0,35375.0,89459.0,96911.0,89690.0,46726.0,138614.0,30550.0,28392.0,33312.0,81321.0,47218.0,39455.0,55258.0,10424.0,9782.0,381.0,8.0,0.0,0.0,9388.0,8820.0,10624.0,12325.0,25720.0,22306.0
38890,61632.0,146927.0,124654.0,67403.0,184161.0,32834.0,35375.0,89459.0,96911.0,89690.0,46726.0,138614.0,30550.0,28392.0,33312.0,81321.0,47218.0,39455.0,55258.0,10424.0,9782.0,381.0,8.0,0.0,0.0,9388.0,8820.0,10624.0,12325.0,25720.0
37438,38890.0,61632.0,146927.0,124654.0,67403.0,184161.0,32834.0,35375.0,89459.0,96911.0,89690.0,46726.0,138614.0,30550.0,28392.0,33312.0,81321.0,47218.0,39455.0,55258.0,10424.0,9782.0,381.0,8.0,0.0,0.0,9388.0,8820.0,10624.0,12325.0
220296,37438.0,38890.0,61632.0,146927.0,124654.0,67403.0,184161.0,32834.0,35375.0,89459.0,96911.0,89690.0,46726.0,138614.0,30550.0,28392.0,33312.0,81321.0,47218.0,39455.0,55258.0,10424.0,9782.0,381.0,8.0,0.0,0.0,9388.0,8820.0,10624.0
65429,220296.0,37438.0,38890.0,61632.0,146927.0,124654.0,67403.0,184161.0,32834.0,35375.0,89459.0,96911.0,89690.0,46726.0,138614.0,30550.0,28392.0,33312.0,81321.0,47218.0,39455.0,55258.0,10424.0,9782.0,381.0,8.0,0.0,0.0,9388.0,8820.0
120177,65429.0,220296.0,37438.0,38890.0,61632.0,146927.0,124654.0,67403.0,184161.0,32834.0,35375.0,89459.0,96911.0,89690.0,46726.0,138614.0,30550.0,28392.0,33312.0,81321.0,47218.0,39455.0,55258.0,10424.0,9782.0,381.0,8.0,0.0,0.0,9388.0
140664,120177.0,65429.0,220296.0,37438.0,38890.0,61632.0,146927.0,124654.0,67403.0,184161.0,32834.0,35375.0,89459.0,96911.0,89690.0,46726.0,138614.0,30550.0,28392.0,33312.0,81321.0,47218.0,39455.0,55258.0,10424.0,9782.0,381.0,8.0,0.0,0.0
80123,140664.0,120177.0,65429.0,220296.0,37438.0,38890.0,61632.0,146927.0,124654.0,67403.0,184161.0,32834.0,35375.0,89459.0,96911.0,89690.0,46726.0,138614.0,30550.0,28392.0,33312.0,81321.0,47218.0,39455.0,55258.0,10424.0,9782.0,381.0,8.0,0.0
37456,80123.0,140664.0,120177.0,65429.0,220296.0,37438.0,38890.0,61632.0,146927.0,124654.0,67403.0,184161.0,32834.0,35375.0,89459.0,96911.0,89690.0,46726.0,138614.0,30550.0,28392.0,33312.0,81321.0,47218.0,39455.0,55258.0,10424.0,9782.0,381.0,8.0
37895,37456.0,80123.0,140664.0,120177.0,65429.0,220296.0,37438.0,38890.0,61632.0,146927.0,124654.0,67403.0,184161.0,32834.0,35375.0,89459.0,96911.0,89690.0,46726.0,138614.0,30550.0,28392.0,33312.0,81321.0,47218.0,39455.0,55258.0,10424.0,9782.0,381.0
187345,37895.0,37456.0,80123.0,140664.0,120177.0,65429.0,220296.0,37438.0,38890.0,61632.0,146927.0,124654.0,67403.0,184161.0,32834.0,35375.0,89459.0,96911.0,89690.0,46726.0,138614.0,30550.0,28392.0,33312.0,81321.0,47218.0,39455.0,55258.0,10424.0,9782.0
61019,187345.0,37895.0,37456.0,80123.0,140664.0,120177.0,65429.0,220296.0,37438.0,38890.0,61632.0,146927.0,124654.0,67403.0,184161.0,32834.0,35375.0,89459.0,96911.0,89690.0,46726.0,138614.0,30550.0,28392.0,33312.0,81321.0,47218.0,39455.0,55258.0,10424.0
109593,61019.0,187345.0,37895.0,37456.0,80123.0,140664.0,120177.0,65429.0,220296.0,37438.0,38890.0,61632.0,146927.0,124654.0,67403.0,184161.0,32834.0,35375.0,89459.0,96911.0,89690.0,46726.0,138614.0,30550.0,28392.0,33312.0,81321.0,47218.0,39455.0,55258.0
119722,109593.0,61019.0,187345.0,37895.0,37456.0,80123.0,140664.0,120177.0,65429.0,220296.0,37438.0,38890.0,61632.0,146927.0,124654.0,67403.0,184161.0,32834.0,35375.0,89459.0,96911.0,89690.0,46726.0,138614.0,30550.0,28392.0,33312.0,81321.0,47218.0,39455.0
70343,119722.0,109593.0,61019.0,187345.0,37895.0,37456.0,80123.0,140664.0,120177.0,65429.0,220296.0,37438.0,38890.0,61632.0,146927.0,124654.0,67403.0,184161.0,32834.0,35375.0,89459.0,96911.0,89690.0,46726.0,138614.0,30550.0,28392.0,33312.0,81321.0,47218.0
35178,70343.0,119722.0,109593.0,61019.0,187345.0,37895.0,37456.0,80123.0,140664.0,120177.0,65429.0,220296.0,37438.0,38890.0,61632.0,146927.0,124654.0,67403.0,184161.0,32834.0,35375.0,89459.0,96911.0,89690.0,46726.0,138614.0,30550.0,28392.0,33312.0,81321.0
9738,35178.0,70343.0,119722.0,109593.0,61019.0,187345.0,37895.0,37456.0,80123.0,140664.0,120177.0,65429.0,220296.0,37438.0,38890.0,61632.0,146927.0,124654.0,67403.0,184161.0,32834.0,35375.0,89459.0,96911.0,89690.0,46726.0,138614.0,30550.0,28392.0,33312.0
69,9738.0,35178.0,70343.0,119722.0,109593.0,61019.0,187345.0,37895.0,37456.0,80123.0,140664.0,120177.0,65429.0,220296.0,37438.0,38890.0,61632.0,146927.0,124654.0,67403.0,184161.0,32834.0,35375.0,89459.0,96911.0,89690.0,46726.0,138614.0,30550.0,28392.0
47644,69.0,9738.0,35178.0,70343.0,119722.0,109593.0,61019.0,187345.0,37895.0,37456.0,80123.0,140664.0,120177.0,65429.0,220296.0,37438.0,38890.0,61632.0,146927.0,124654.0,67403.0,184161.0,32834.0,35375.0,89459.0,96911.0,89690.0,46726.0,138614.0,30550.0
80694,47644.0,69.0,9738.0,35178.0,70343.0,119722.0,109593.0,61019.0,187345.0,37895.0,37456.0,80123.0,140664.0,120177.0,65429.0,220296.0,37438.0,38890.0,61632.0,146927.0,124654.0,67403.0,184161.0,32834.0,35375.0,89459.0,96911.0,89690.0,46726.0,138614.0
86748,80694.0,47644.0,69.0,9738.0,35178.0,70343.0,119722.0,109593.0,61019.0,187345.0,37895.0,37456.0,80123.0,140664.0,120177.0,65429.0,220296.0,37438.0,38890.0,61632.0,146927.0,124654.0,67403.0,184161.0,32834.0,35375.0,89459.0,96911.0,89690.0,46726.0
45485,86748.0,80694.0,47644.0,69.0,9738.0,35178.0,70343.0,119722.0,109593.0,61019.0,187345.0,37895.0,37456.0,80123.0,140664.0,120177.0,65429.0,220296.0,37438.0,38890.0,61632.0,146927.0,124654.0,67403.0,184161.0,32834.0,35375.0,89459.0,96911.0,89690.0
7584,45485.0,86748.0,80694.0,47644.0,69.0,9738.0,35178.0,70343.0,119722.0,109593.0,61019.0,187345.0,37895.0,37456.0,80123.0,140664.0,120177.0,65429.0,220296.0,37438.0,38890.0,61632.0,146927.0,124654.0,67403.0,184161.0,32834.0,35375.0,89459.0,96911.0
