Age,Job,Saving accounts,Credit amount,Duration,Purpose,Sex_female,Sex_male,Housing_free,Housing_own,Housing_rent,Checking account_little,Checking account_moderate,Checking account_rich,Checking account_unknown
67,2,4,-0.7451314133870967,6,5,0,1,0,1,0,1,0,0,0
22,2,0,0.9498167893630399,48,5,1,0,0,1,0,0,1,0,0
49,1,0,-0.4165624079606273,12,3,0,1,0,1,0,0,0,0,1
45,2,0,1.634246939825297,42,4,0,1,1,0,0,1,0,0,0
53,2,0,0.5666635047179338,24,1,0,1,1,0,0,1,0,0,0
35,1,4,2.0500090146529657,36,3,0,1,1,0,0,0,0,0,1
53,2,2,-0.1546287563854807,24,4,0,1,0,1,0,0,0,0,1
35,3,0,1.3031968307979807,36,1,0,1,0,0,1,0,1,0,0
61,1,3,-0.07523344115837269,12,5,0,1,0,1,0,0,0,0,1
28,3,0,0.6956808919619843,30,1,0,1,0,1,0,0,1,0,0
25,2,0,-0.7004715485718485,12,1,1,0,0,0,1,0,1,0,0
24,2,0,0.3674663299070645,48,0,1,0,0,0,1,1,0,0,0
22,2,0,-0.6040629515103602,12,5,1,0,0,1,0,0,1,0,0
60,1,0,-0.734498112240609,24,1,0,1,0,1,0,1,0,0,0
28,2,0,-0.6621916644444927,15,1,1,0,0,0,1,1,0,0,0
32,1,1,-0.7050793124019931,24,5,1,0,0,1,0,1,0,0,0
53,2,4,-0.30030498209236195,24,5,0,1,0,1,0,0,0,0,1
25,2,4,1.701591180419719,30,0,0,1,0,1,0,1,0,0,0
44,3,0,3.2990674559937188,24,1,1,0,1,0,0,0,1,0,0
31,2,2,0.056265049686524994,24,5,0,1,0,1,0,0,0,0,1
48,2,0,-0.4030935598417429,9,1,0,1,0,1,0,0,0,0,1
44,2,2,-0.22126411023680354,6,5,0,1,0,0,1,1,0,0,0
48,1,0,-0.3651681190859368,10,1,0,1,0,0,1,1,0,0,0
44,2,1,-0.5200598724531074,12,1,0,1,0,1,0,0,1,0,0
26,2,4,-0.4261323789924662,10,4,0,1,0,1,0,0,0,0,1
36,1,0,-0.6724705222194308,6,4,0,1,0,1,0,1,0,0,0
39,1,0,-1.0084828384484417,6,5,0,1,0,1,0,0,0,0,1
42,2,3,-1.0145083757647846,12,5,1,0,0,0,1,0,0,1,0
34,2,0,-0.3034949724363083,7,5,0,1,0,1,0,0,1,0,0
63,2,0,1.2634991731844265,60,0,0,1,0,1,0,1,0,0,0
36,2,3,-0.48142554495420214,18,0,0,1,0,1,0,0,1,0,0
27,2,0,0.26538663890078273,24,4,0,1,0,1,0,1,0,0,0
30,2,1,0.9196891027813249,18,1,0,1,0,1,0,0,1,0,0
57,1,4,-0.7114592930898858,12,0,0,1,0,0,1,0,0,0,1
33,3,0,-0.637026185064472,12,4,1,0,0,1,0,0,0,1,0
25,1,0,0.5227125266457847,45,5,0,1,0,1,0,0,1,0,0
31,2,0,1.0061732854394247,48,3,0,1,1,0,0,0,0,0,1
37,2,0,-0.41514463447442895,18,5,0,1,0,1,0,0,0,1,0
37,2,0,-0.7252825845803197,10,2,0,1,0,1,0,0,0,1,0
24,2,0,-0.9971406505588548,9,5,0,1,0,1,0,0,1,0,0
30,3,2,-0.3325593289033746,30,5,0,1,0,1,0,0,0,0,1
26,2,2,-0.7490302904741422,12,5,0,1,0,1,0,0,1,0,0
44,1,0,1.039490962365086,18,6,0,1,0,1,0,0,1,0,0
24,2,1,1.033465425048743,30,1,0,1,0,0,1,1,0,0,0
58,1,0,1.0178699167005612,48,1,1,0,1,0,0,1,0,0,0
35,3,0,-0.6657360981599887,11,1,1,0,0,1,0,0,0,0,1
39,2,2,-0.34461040353606065,36,5,0,1,0,1,0,0,0,0,1
23,0,2,-0.6802682763935218,6,1,1,0,0,0,1,1,0,0,0
39,1,0,1.4024409748318656,11,1,0,1,0,1,0,0,0,0,1
28,2,1,-0.4247146055062679,12,5,1,0,0,1,0,0,0,0,1
29,1,4,-0.3325593289033746,24,4,0,1,0,1,0,0,1,0,0
30,3,0,0.9547789965647342,27,1,0,1,0,1,0,0,1,0,0
25,2,0,-0.7121681798329849,12,5,0,1,0,1,0,0,0,0,1
31,2,4,0.03783399436594634,18,1,0,1,0,1,0,0,0,0,1
57,2,0,-0.37083921303073025,36,1,0,1,1,0,0,0,1,0,0
26,1,4,-0.8819465548052382,6,1,0,1,0,1,0,0,0,0,1
52,3,4,1.1330640124541778,12,5,0,1,0,1,0,0,1,0,0
31,2,0,2.231129577514806,36,5,1,0,0,1,0,0,0,0,1
23,3,0,-0.46441226311982187,18,1,1,0,0,1,0,0,0,1,0
23,1,0,1.0483520466538259,36,4,1,0,0,0,1,1,0,0,0
27,2,0,-0.6664449849030879,9,0,0,1,0,1,0,0,1,0,0
50,2,4,-0.6146962526568478,15,5,0,1,0,1,0,0,1,0,0
61,3,0,-0.4672478100922186,36,0,0,1,1,0,0,0,1,0,0
25,2,0,3.9519521463880625,48,0,0,1,0,1,0,0,1,0,0
26,2,0,-0.03199134982932277,24,5,1,0,0,1,0,0,0,0,1
48,2,4,0.6800853836138023,27,6,0,1,0,1,0,0,0,0,1
29,2,0,-0.3899791550944081,12,5,1,0,0,1,0,0,0,0,1
22,2,3,-0.8025512395781302,12,1,0,1,0,1,0,0,1,0,0
37,2,0,-0.5147432218798635,36,3,0,1,1,0,0,0,0,0,1
25,2,4,-0.31093828323884964,36,5,1,0,0,1,0,0,0,0,1
30,2,0,1.723212226084244,36,1,1,0,0,1,0,0,0,0,1
46,1,4,-0.9007320534973665,7,5,0,1,0,0,1,0,0,0,1
51,3,0,-0.7469036302448446,8,7,0,1,1,0,0,1,0,0,0
41,1,0,0.9508801194776887,42,0,1,0,0,1,0,0,1,0,0
40,3,4,-0.45874116917502844,36,3,0,1,0,1,0,1,0,0,0
66,3,0,-0.6185951297438933,12,1,0,1,1,0,0,1,0,0,0
34,2,0,0.24589225346555532,42,5,0,1,0,1,0,1,0,0,0
51,2,0,0.5315736109345244,11,5,0,1,0,1,0,0,1,0,0
39,1,4,2.185051939213359,54,1,0,1,0,1,0,0,0,0,1
22,2,0,0.19875128504945994,30,4,0,1,0,1,0,0,1,0,0
44,2,4,0.9469812423906432,24,5,1,0,0,1,0,0,0,0,1
47,2,2,-0.7295359050389147,15,5,0,1,0,1,0,0,0,0,1
24,1,1,-0.6037085081388105,18,0,1,0,0,0,1,0,0,0,1
58,1,0,-0.5374275976590372,24,7,1,0,0,1,0,1,0,0,0
52,1,0,-0.3389393095912672,10,5,0,1,0,1,0,1,0,0,0
29,3,0,-0.6590016741005464,12,0,1,0,0,1,0,0,0,0,1
27,2,0,-0.7004715485718485,18,4,1,0,0,1,0,0,1,0,0
47,2,1,3.310764087254855,36,3,0,1,1,0,0,0,1,0,0
30,3,1,-0.36233257211354014,18,1,0,1,0,1,0,1,0,0,0
28,2,0,-0.7667524590516217,12,6,0,1,0,1,0,1,0,0,0
56,2,0,-0.9404297111109204,12,5,0,1,0,1,0,0,0,0,1
54,2,0,-0.6600650042151952,12,1,0,1,0,1,0,1,0,0,0
33,1,4,-0.8769843476035439,12,5,1,0,0,1,0,0,0,0,1
20,2,4,0.12254596016629822,24,4,0,1,0,0,1,0,0,1,0
54,2,3,-0.6923193510262079,12,1,0,1,0,1,0,0,1,0,0
58,2,0,4.492123844629637,54,0,0,1,0,0,1,0,1,0,0
61,2,4,-0.4463356511707928,12,3,1,0,0,1,0,0,0,0,1
34,2,1,-0.23012519452554325,18,0,0,1,0,1,0,0,1,0,0
36,2,0,-0.33114155541717627,36,5,0,1,0,1,0,0,1,0,0
36,3,4,1.3418311582968858,20,1,0,1,0,0,1,0,1,0,0
41,1,1,-0.6387984019222199,24,1,0,1,0,0,1,0,0,0,1
24,2,0,-0.3361037626188705,36,5,0,1,0,0,1,0,1,0,0
24,2,0,-0.8291344924443494,6,5,1,0,0,1,0,0,0,0,1
35,2,0,-0.4792988847249046,9,4,0,1,0,0,1,0,1,0,0
26,2,4,-0.2928616712898206,12,1,0,1,0,0,1,0,0,0,1
39,3,0,3.071869254830432,24,7,0,1,0,1,0,0,1,0,0
39,3,0,1.1295195787386818,18,1,0,1,0,1,0,0,0,0,1
32,2,0,0.9948310975498378,12,1,0,1,0,1,0,0,1,0,0
30,2,4,1.5771815570058132,24,4,1,0,0,1,0,1,0,0,0
35,2,2,-0.6597105608436457,14,0,0,1,0,1,0,0,1,0,0
31,2,1,-0.6458872693532116,6,0,0,1,0,1,0,0,1,0,0
23,2,0,-1.0205339130811277,15,3,1,0,0,0,1,0,0,1,0
28,1,0,1.0593397911718632,18,1,0,1,0,0,1,0,1,0,0
25,2,0,1.6246769687934581,36,1,1,0,0,1,0,0,0,0,1
35,2,2,-0.5640108505252565,12,5,0,1,0,1,0,1,0,0,0
47,2,4,0.10872266867586422,48,5,0,1,0,1,0,0,0,0,1
30,3,4,1.3833010327681878,42,5,1,0,0,1,0,1,0,0,0
27,2,4,-0.4038024465848421,10,4,1,0,0,0,1,1,0,0,0
23,2,2,0.3578963588752256,33,4,1,0,0,1,0,1,0,0,0
36,3,2,-0.3208626976422382,12,1,0,1,0,1,0,0,1,0,0
25,2,0,-0.5090721279350702,21,5,1,0,0,1,0,1,0,0,0
41,3,0,0.21151124642524516,24,1,1,0,0,0,1,0,0,0,1
24,1,0,-0.5328198338288926,12,4,0,1,0,0,1,0,0,0,1
63,2,0,-0.8826554415483374,10,1,0,1,1,0,0,0,0,1,0
27,2,4,-0.4775266678671567,18,4,1,0,0,0,1,0,1,0,0
30,2,0,-0.40770132367188755,12,1,0,1,0,1,0,1,0,0,0
40,1,0,-0.9110109112723046,12,5,0,1,0,1,0,1,0,0,0
30,2,0,-0.9329864003083791,12,6,0,1,0,1,0,0,1,0,0
34,3,0,-0.5002110436463304,12,1,0,1,0,1,0,0,1,0,0
29,2,0,0.08072164232344667,12,1,1,0,0,1,0,1,0,0,0
24,2,4,1.8486851796127988,48,1,1,0,0,1,0,0,1,0,0
29,2,0,1.2815757851334557,36,3,0,1,0,1,0,1,0,0,0
27,1,0,-0.19964306457227857,15,4,0,1,0,1,0,0,0,0,1
47,2,0,-0.4562600655741813,18,4,0,1,1,0,0,0,0,0,1
21,2,1,2.4359978462704683,60,5,1,0,0,1,0,0,0,0,1
38,2,4,-0.7199659340070759,12,5,1,0,0,1,0,0,0,0,1
27,2,3,1.893345044428047,27,1,0,1,0,1,0,0,0,0,1
66,1,2,-0.8879720921215812,12,5,0,1,0,1,0,0,1,0,0
35,2,4,-0.1925541971412868,15,5,0,1,0,1,0,0,1,0,0
44,1,0,-0.49276773284378905,12,5,1,0,0,0,1,0,0,1,0
27,0,3,-0.9081753642999079,6,1,0,1,0,1,0,0,0,1,0
30,3,0,0.5400802518517146,36,5,1,0,0,1,0,0,1,0,0
27,3,0,0.05130284248483074,27,5,0,1,0,1,0,1,0,0,0
22,2,0,-0.28683613397347757,18,4,0,1,0,1,0,1,0,0,0
23,2,0,-0.34850928062310615,21,4,1,0,0,1,0,0,0,0,1
30,2,1,0.10446934821726915,48,0,0,1,0,1,0,0,1,0,0
39,2,0,-0.8546544151959198,6,1,1,0,0,1,0,1,0,0,0
51,2,1,-0.9177453353317467,12,1,1,0,0,1,0,0,0,0,1
28,2,0,0.744239633864278,36,4,0,1,0,1,0,1,0,0,0
46,2,3,-0.5987463009371162,18,5,0,1,0,1,0,0,0,0,1
42,2,1,-0.6823949366228194,6,5,0,1,1,0,0,0,0,0,1
38,2,0,-0.4775266678671567,10,5,0,1,0,1,0,0,0,0,1
24,2,0,0.9133091220934322,36,5,0,1,0,1,0,0,0,1,0
29,2,3,1.590295961753148,24,1,1,0,0,0,1,0,1,0,0
36,3,1,1.309931254857423,24,0,0,1,0,0,1,0,1,0,0
20,2,0,-0.7050793124019931,12,4,1,0,0,0,1,1,0,0,0
48,2,1,-0.7029526521726955,9,6,0,1,0,1,0,1,0,0,0
45,1,0,-1.0393194117732558,12,3,0,1,0,1,0,1,0,0,0
38,2,1,0.08532940615359133,24,1,0,1,0,1,0,0,1,0,0
34,1,4,-0.486742195527446,6,5,0,1,0,1,0,0,0,0,1
36,2,1,-0.1415143516381459,24,5,0,1,0,1,0,0,0,0,1
30,2,0,-0.7855379577437499,18,1,1,0,0,1,0,0,0,0,1
36,2,2,-0.7121681798329849,15,2,0,1,0,1,0,0,0,0,1
70,3,0,1.4307964445558328,10,1,0,1,1,0,0,0,1,0,0
36,2,2,-0.83728668998999,36,1,0,1,0,1,0,0,0,0,1
32,2,2,-0.10394335425388943,6,4,0,1,0,1,0,0,0,0,1
33,2,0,-0.7586002615059811,18,4,1,0,0,1,0,1,0,0,0
20,2,3,-0.6005185177948642,11,4,1,0,0,1,0,0,1,0,0
25,2,0,0.24837335706640246,24,4,1,0,0,0,1,0,0,0,1
31,2,0,-0.4736277907801112,24,0,0,1,0,1,0,0,1,0,0
33,2,0,-0.8227545117564568,15,1,0,1,0,0,1,1,0,0,0
26,2,0,-0.88903542223623,12,4,1,0,0,1,0,0,0,0,1
34,3,0,-0.4279045958502142,24,4,1,0,0,1,0,0,1,0,0
33,2,0,-0.6582927873574473,8,5,0,1,0,1,0,0,1,0,0
26,2,0,0.05059395574173156,21,3,0,1,0,1,0,1,0,0,0
53,3,4,1.49353292132011,30,1,1,0,0,1,0,0,0,0,1
42,2,0,-0.2460751462452748,12,4,0,1,0,1,0,1,0,0,0
52,2,2,-1.0396738551448055,6,5,0,1,0,1,0,1,0,0,0
31,3,0,-0.4637033763767227,12,5,0,1,0,0,1,0,0,0,1
65,2,0,-0.9570885495737512,21,1,0,1,0,1,0,1,0,0,0
28,2,0,2.2332562377441034,36,0,0,1,0,1,0,0,0,0,1
30,3,0,0.41956950552485417,36,0,0,1,0,1,0,0,1,0,0
40,1,4,-0.575707481786393,21,1,0,1,0,1,0,1,0,0,0
50,2,3,0.17925689961423252,24,4,0,1,0,1,0,0,0,0,1
36,2,0,-0.8461477742787297,18,1,0,1,0,1,0,0,1,0,0
31,2,0,-0.6774327294211251,15,5,0,1,0,1,0,0,0,0,1
74,3,0,0.6584643379492774,9,1,1,0,1,0,0,0,1,0,0
68,0,0,-0.7430047531577991,16,1,0,1,1,0,0,0,1,0,0
20,2,1,-0.9205808823041435,12,5,0,1,0,1,0,1,0,0,0
33,2,0,-0.009661417421698642,18,4,1,0,0,1,0,0,1,0,0
54,3,3,0.4677738040555983,24,0,0,1,0,1,0,0,0,0,1
34,1,1,0.20300460550805502,48,0,0,1,1,0,0,0,1,0,0
36,2,0,0.22817008488807586,27,0,0,1,0,1,0,0,1,0,0
29,2,0,-0.4123090875020322,6,5,0,1,0,0,1,0,0,0,1
21,2,1,-0.08515785556176118,45,5,0,1,0,0,1,0,1,0,0
34,3,0,-0.627456214032633,9,3,1,0,0,1,0,0,1,0,0
28,2,0,-0.6696349752470342,6,5,1,0,0,1,0,0,0,0,1
27,2,1,-0.8224000683849072,12,4,1,0,0,0,1,0,1,0,0
36,2,4,-0.18121200925169992,24,1,0,1,1,0,0,0,1,0,0
40,3,0,0.363567452820019,18,4,0,1,0,1,0,0,1,0,0
52,2,2,-0.827716718958151,9,3,0,1,0,1,0,0,0,0,1
27,1,0,-0.7454858567586463,12,1,0,1,0,1,0,1,0,0,0
26,2,0,0.6542110174906823,27,0,0,1,0,1,0,0,0,0,1
21,2,0,-0.8397677935908371,12,3,0,1,0,0,1,1,0,0,0
38,1,0,-0.6295828742619306,12,1,0,1,0,1,0,0,0,0,1
38,3,0,2.6057762212427216,30,1,0,1,1,0,0,1,0,0,0
43,2,0,-0.4736277907801112,12,4,0,1,0,1,0,0,0,0,1
26,2,0,-0.6547483536419514,12,2,0,1,0,1,0,0,1,0,0
21,1,0,1.1685083496091366,24,0,0,1,0,1,0,1,0,0,0
55,2,3,-0.6586472307289969,12,1,0,1,0,1,0,0,0,0,1
33,2,4,-0.06991679058512884,9,5,0,1,0,1,0,0,0,0,1
45,1,4,0.1998146151641087,36,5,1,0,0,1,0,0,0,0,1
50,2,0,0.7165930508834101,27,0,0,1,0,1,0,1,0,0,0
66,3,0,-0.4831977618119501,30,0,0,1,0,1,0,0,0,1,0
51,2,4,0.025074032990161123,36,5,0,1,0,1,0,0,0,0,1
39,1,4,-0.8291344924443494,6,3,1,0,0,1,0,0,1,0,0
31,2,0,-0.05928348943864116,18,0,0,1,0,1,0,1,0,0,0
23,2,0,0.22746119814497667,36,5,0,1,0,1,0,0,0,1,0
24,1,0,-0.08870228927725708,24,4,0,1,0,0,1,1,0,0,0
64,2,0,-0.6760149559349268,10,1,1,0,0,1,0,0,0,0,1
26,1,0,-0.9379486075100734,12,5,0,1,0,1,0,0,1,0,0
23,2,4,-0.7341436688690595,12,3,1,0,0,0,1,1,0,0,0
30,2,0,-0.908884251043007,12,5,0,1,0,1,0,0,0,0,1
32,2,4,-0.10394335425388943,24,0,0,1,0,1,0,0,0,0,1
30,2,0,0.49116706657787124,15,1,0,1,0,1,0,0,0,0,1
27,2,0,-0.23331518486948957,36,6,0,1,0,1,0,0,0,0,1
27,2,3,2.725578080826483,48,5,0,1,0,1,0,0,1,0,0
53,3,0,1.628221402508954,12,4,0,1,1,0,0,1,0,0,0
22,2,0,-0.6356084115782735,9,5,0,1,0,1,0,0,0,0,1
22,2,0,-0.04333353771890964,24,4,0,1,1,0,0,1,0,0,0
26,2,0,0.33273087949520475,36,5,0,1,0,1,0,0,0,1,0
51,1,2,-0.27088618225374606,9,1,0,1,1,0,0,0,0,0,1
35,2,1,-0.40061245624089575,12,5,0,1,0,1,0,0,0,0,1
25,1,0,-0.8525277549666223,18,5,0,1,0,1,0,0,1,0,0
42,1,0,-0.6122151490560007,4,5,0,1,0,1,0,0,0,0,1
30,3,0,-0.5133254483936652,24,5,0,1,0,1,0,1,0,0,0
23,0,4,3.9994475581757074,6,1,0,1,0,1,0,0,1,0,0
61,1,1,-0.1787309056508528,21,0,0,1,0,0,1,0,1,0,0
35,2,0,-0.7018893220580468,12,5,1,0,0,1,0,0,0,0,1
39,2,0,-0.2655695316805022,30,5,0,1,0,1,0,1,0,0,0
29,2,4,-0.8351600297606924,24,1,1,0,0,1,0,1,0,0,0
51,2,0,-0.5941385371069716,6,5,0,1,0,1,0,0,0,0,1
24,2,0,0.4727360112572926,48,1,0,1,1,0,0,1,0,0,0
27,2,0,-0.7394603194423033,12,0,1,0,0,1,0,0,0,0,1
35,1,2,0.06229058700286801,12,3,1,0,0,1,0,0,0,0,1
25,2,0,-0.7135859533191833,24,0,0,1,0,1,0,0,0,0,1
52,2,0,-0.9053398173275111,12,5,0,1,0,1,0,0,0,0,1
35,2,1,-0.732725895382861,6,1,0,1,0,0,1,0,0,0,1
26,2,0,-0.4771722244956071,24,4,0,1,0,1,0,0,0,1,0
22,2,0,-1.0060017348475945,18,5,1,0,0,0,1,0,0,0,1
39,1,3,-0.9234164292765402,6,1,1,0,0,1,0,1,0,0,0
46,1,0,-0.36162368537044093,12,4,1,0,0,1,0,0,0,1,0
24,2,0,-0.39742246589694946,30,1,1,0,0,1,0,0,1,0,0
35,2,1,0.31181872057377896,24,4,0,1,0,1,0,0,0,0,1
24,2,4,-0.4399556704829002,9,4,0,1,0,1,0,0,1,0,0
27,1,4,1.4697852154262876,60,5,0,1,0,1,0,0,1,0,0
35,1,0,-0.20814970548946873,24,5,0,1,0,1,0,0,0,0,1
29,2,0,-0.39777690926849907,12,5,0,1,1,0,0,1,0,0,0
23,2,1,0.19166241761846814,15,1,1,0,0,1,0,0,0,0,1
57,1,1,-0.7504480639603406,11,5,1,0,0,1,0,0,0,0,1
27,2,0,-0.572163048070897,12,4,0,1,0,1,0,1,0,0,0
55,2,0,-0.5913029901345749,24,5,1,0,0,1,0,1,0,0,0
36,3,0,0.7197830412273564,18,1,0,1,1,0,0,1,0,0,0
57,1,0,-0.185465329710295,12,3,1,0,1,0,0,0,0,0,1
32,1,0,-0.7231559243510222,10,1,0,1,0,1,0,0,0,0,1
37,2,0,-0.8752121307457961,15,5,0,1,0,1,0,0,1,0,0
36,2,4,1.074935299520045,36,0,0,1,0,1,0,0,0,0,1
38,2,0,-0.6161140261430461,24,5,1,0,0,1,0,0,0,0,1
45,3,0,2.0227168750436473,14,1,0,1,0,1,0,1,0,0,0
25,2,4,-0.8053867865505269,24,5,0,1,0,1,0,0,0,0,1
32,2,4,-0.2159474596635597,18,1,0,1,0,1,0,0,0,0,1
37,2,2,-0.6625461078160424,12,4,1,0,0,0,1,0,0,0,1
36,3,4,3.153745673658387,48,1,0,1,1,0,0,0,1,0,0
28,2,0,-0.0748789977868231,48,5,0,1,0,1,0,0,1,0,0
34,1,0,3.093135857123407,30,6,0,1,0,1,0,1,0,0,0
32,2,0,-0.20354194165932407,9,5,0,1,0,1,0,0,0,0,1
26,2,0,-0.30739384952335375,18,5,1,0,0,1,0,0,0,0,1
49,1,4,-0.7121681798329849,12,4,0,1,0,1,0,1,0,0,0
32,2,0,0.4748626714865901,6,4,1,0,0,1,0,0,0,0,1
29,3,1,-0.48567886541279726,24,5,0,1,0,0,1,0,0,0,1
23,2,3,0.03428956065045045,15,1,0,1,0,0,1,0,0,0,1
50,2,0,-0.601581847909513,12,4,0,1,0,1,0,0,0,0,1
49,1,4,-0.64730504283941,18,5,0,1,0,1,0,0,0,1,0
63,2,4,-0.6207217899731908,15,4,0,1,0,1,0,0,0,0,1
37,2,1,0.21505568014074106,24,1,0,1,0,1,0,0,1,0,0
35,1,0,2.6408661150261312,47,1,1,0,0,1,0,1,0,0,0
26,2,0,0.5375991482508674,48,1,0,1,0,1,0,1,0,0,0
31,3,1,1.5279139283604204,48,7,0,1,1,0,0,0,1,0,0
49,2,0,-0.7724235529964151,12,5,1,0,0,1,0,0,1,0,0
48,2,0,-0.7965257022617872,24,5,0,1,0,1,0,1,0,0,0
26,2,0,-0.7780946469412086,12,0,0,1,0,1,0,0,0,0,1
28,3,0,2.1715830910944747,36,1,0,1,0,0,1,0,1,0,0
44,3,0,1.1156962872482479,24,1,1,0,1,0,0,1,0,0,0
56,2,0,0.5404346952232641,42,1,0,1,1,0,0,0,0,1,0
46,3,4,1.544572766823251,48,0,0,1,0,1,0,0,0,0,1
26,2,0,2.370780265905344,48,4,1,0,0,1,0,0,1,0,0
20,2,4,0.4975470472657638,12,1,1,0,0,0,1,0,0,0,1
45,1,4,-0.7033070955442452,10,1,0,1,0,1,0,0,0,0,1
43,2,0,-0.2680506352813493,18,4,0,1,0,1,0,0,0,0,1
32,2,3,-0.18652865982494377,21,4,0,1,0,1,0,0,1,0,0
54,0,0,-0.9212897690472427,6,1,1,0,0,1,0,0,0,0,1
42,2,0,0.18882687064607143,36,5,1,0,0,1,0,0,1,0,0
37,1,4,-0.6831038233659186,24,1,0,1,0,1,0,0,0,1,0
49,2,0,-0.7915634950600929,10,1,0,1,0,1,0,1,0,0,0
44,2,2,2.429972308954125,48,1,0,1,1,0,0,0,0,0,1
33,2,3,-0.6125695924275503,6,4,0,1,0,1,0,0,0,0,1
24,1,4,0.545751345796508,30,1,1,0,0,0,1,0,0,0,1
33,1,1,-0.9017953836120153,12,5,0,1,0,1,0,1,0,0,0
24,2,0,-0.7210292641217246,8,4,1,0,0,1,0,0,1,0,0
22,1,0,-1.06164934418088,9,1,0,1,0,0,1,0,1,0,0
40,0,4,0.747784067579774,48,7,0,1,1,0,0,0,1,0,0
25,2,1,0.7938617058812206,24,4,0,1,0,1,0,0,0,0,1
26,2,0,0.169332485210844,24,4,1,0,0,1,0,0,0,1,0
25,1,0,-0.916682005217098,12,1,0,1,0,1,0,0,1,0,0
29,1,4,-0.6299373176334802,4,1,0,1,0,1,0,0,0,1,0
31,2,0,-0.1861742164533942,36,4,0,1,0,1,0,1,0,0,0
38,1,0,-0.9085298076714574,12,4,0,1,0,1,0,1,0,0,0
48,1,4,0.38270739488369687,24,4,1,0,0,1,0,0,1,0,0
32,2,0,-0.9110109112723046,12,3,0,1,0,1,0,0,0,0,1
27,1,0,0.13176148782658753,15,4,1,0,0,1,0,1,0,0,0
28,3,0,0.34655417098563873,30,1,0,1,0,1,0,0,1,0,0
32,2,0,-0.4725644606654624,24,5,0,1,0,1,0,1,0,0,0
34,3,0,-0.1280455035192615,24,1,0,1,1,0,0,1,0,0,0
28,2,3,-0.21701078977820845,18,4,0,1,0,1,0,1,0,0,0
36,2,0,-0.7951079287755888,18,1,1,0,0,1,0,0,0,0,1
39,1,0,0.04492286179693813,8,1,0,1,0,1,0,1,0,0,0
49,2,4,0.8966502836306015,12,4,0,1,0,0,1,0,0,0,1
34,2,3,-0.6189495731154429,24,1,1,0,0,1,0,0,0,0,1
31,2,0,0.42594948621274675,36,5,0,1,0,1,0,0,0,1,0
28,2,0,-0.7809301939136052,6,5,0,1,0,1,0,0,1,0,0
75,3,0,1.1851671880719674,24,1,0,1,1,0,0,1,0,0,0
30,2,1,-0.49879327016013203,18,3,1,0,0,1,0,0,0,0,1
24,3,1,1.4662407817107916,60,1,1,0,0,1,0,0,1,0,0
24,1,1,2.9485229615311748,48,1,1,0,0,0,1,0,0,0,1
23,2,0,0.2972865423402458,24,4,0,1,0,0,1,1,0,0,0
44,3,0,0.03996065459524388,6,4,0,1,0,0,1,1,0,0,0
23,1,0,-0.41479019110287935,13,5,1,0,0,1,0,0,1,0,0
24,2,4,-0.7075604160028403,15,2,1,0,0,0,1,1,0,0,0
28,2,0,0.3181987012616716,24,4,0,1,0,1,0,1,0,0,0
31,1,0,-0.6203673466016413,10,4,0,1,0,1,0,0,1,0,0
24,2,0,0.8760925680807253,24,3,1,0,1,0,0,0,1,0,0
26,1,0,0.11616597947840561,21,4,1,0,0,0,1,1,0,0,0
25,2,2,-0.020649161939735913,18,5,0,1,0,0,1,0,1,0,0
33,3,0,0.41389841158006074,18,0,0,1,0,1,0,0,1,0,0
37,1,0,0.2402211595207619,10,1,0,1,0,1,0,0,0,1,0
43,1,0,-0.6423428356377158,15,5,1,0,0,1,0,0,0,0,1
23,2,0,-0.8468566610218289,13,5,0,1,0,1,0,0,1,0,0
23,0,2,0.17252247555479033,24,5,1,0,0,0,1,0,1,0,0
34,1,1,-0.5416809181176324,6,0,0,1,0,1,0,0,0,0,1
32,2,3,-0.7568280446482332,9,3,0,1,1,0,0,0,1,0,0
23,2,0,-0.7213837074932742,9,2,1,0,0,0,1,0,0,0,1
29,2,0,-0.8195645214125105,9,4,1,0,0,1,0,0,1,0,0
38,3,4,-0.014978067994942484,18,1,0,1,0,1,0,0,0,0,1
28,2,0,1.037718745507338,12,5,0,1,0,0,1,1,0,0,0
46,2,2,-0.9017953836120153,10,3,0,1,1,0,0,0,0,0,1
23,1,0,-0.7178392737777783,24,1,0,1,0,1,0,0,1,0,0
49,2,4,-0.3332682156464738,12,5,0,1,0,1,0,0,0,0,1
26,3,0,0.42240505249725085,36,5,0,1,0,1,0,0,0,0,1
28,2,0,-0.8844276584060854,12,5,0,1,0,1,0,0,0,0,1
23,2,0,-0.3066849627802546,30,4,1,0,0,0,1,1,0,0,0
61,2,4,-0.7203203773786254,18,3,0,1,1,0,0,0,1,0,0
37,3,4,0.04527730516848772,12,5,0,1,0,1,0,0,0,1,0
36,2,0,-0.3630414588566393,12,1,1,0,0,1,0,0,0,1,0
21,2,0,-0.5335287205719919,6,4,0,1,0,0,1,0,0,0,1
25,0,0,-0.28293725688643206,18,4,0,1,0,1,0,1,0,0,0
36,2,0,-0.6129240357990998,12,0,0,1,0,1,0,0,0,0,1
27,2,0,0.20513126573735255,18,1,0,1,0,1,0,0,0,0,1
22,2,0,0.13424259142743467,18,4,1,0,0,0,1,1,0,0,0
42,2,0,0.06193614363131842,36,4,0,1,0,1,0,1,0,0,0
40,2,0,-0.09579115670824888,18,4,1,0,0,0,1,0,1,0,0
36,2,4,-0.06814457372738089,36,1,0,1,0,1,0,0,0,0,1
33,2,0,0.991995550577441,18,5,0,1,0,1,0,0,0,0,1
23,2,0,-0.39884023938314783,10,4,1,0,0,0,1,0,0,0,1
63,3,4,3.7162473043075854,60,1,0,1,1,0,0,0,0,0,1
60,3,1,4.0799062035174645,60,7,1,0,1,0,0,0,1,0,0
37,2,0,1.564421595630028,48,0,1,0,0,0,1,1,0,0,0
34,2,0,-0.33716709273351925,18,5,0,1,0,1,0,0,0,0,1
36,2,4,-0.859616622397614,7,5,0,1,1,0,0,0,0,0,1
57,3,0,3.9154444791184546,36,1,0,1,1,0,0,0,1,0,0
52,1,1,-1.0311672142276154,6,1,1,0,0,1,0,0,0,0,1
39,2,4,-0.3754469768608749,20,4,0,1,0,1,0,1,0,0,0
38,3,0,3.4397814744989055,18,1,1,0,1,0,0,0,1,0,0
25,2,4,-0.7047248690304435,22,1,1,0,0,0,1,0,0,0,1
26,2,0,-0.6880660305676128,12,1,0,1,0,1,0,0,0,1,0
26,1,1,0.3547063685312793,30,0,0,1,0,1,0,0,0,0,1
25,2,0,-0.3662314492005856,18,5,1,0,0,1,0,0,0,0,1
21,2,4,-0.760372478363729,18,5,1,0,0,0,1,0,0,0,1
40,3,0,1.4541897070781058,18,4,0,1,0,1,0,0,1,0,0
27,2,2,-0.3350404325042217,15,0,0,1,0,1,0,0,1,0,0
27,2,0,-0.6458872693532116,9,0,1,0,0,1,0,0,0,0,1
30,3,0,-0.514388778508314,18,1,0,1,0,1,0,0,0,0,1
19,1,3,-0.8110578804953203,12,4,1,0,0,0,1,0,1,0,0
39,3,0,-0.007889200563950694,36,1,0,1,1,0,0,1,0,0,0
31,2,0,-0.46583003660602024,6,5,1,0,0,1,0,1,0,0,0
31,3,0,-0.3066849627802546,9,4,0,1,0,1,0,0,0,0,1
32,2,1,3.008778334694605,39,3,0,1,0,0,1,0,1,0,0
55,3,0,-0.2457207028737252,12,4,1,0,1,0,0,1,0,0,0
46,2,0,-0.32724267833013077,36,4,0,1,0,1,0,1,0,0,0
46,2,0,-0.7259914713234189,12,1,0,1,0,0,1,0,1,0,0
43,1,3,-0.6221395634593891,24,5,1,0,0,1,0,0,0,0,1
39,2,0,-0.6373806284360215,18,5,0,1,0,1,0,0,0,0,1
28,2,4,-0.49064107261449147,18,0,0,1,0,1,0,0,1,0,0
27,2,0,1.9057505624322826,24,0,0,1,0,1,0,0,0,0,1
27,1,0,-0.8752121307457961,14,1,0,1,0,1,0,0,0,0,1
43,2,4,-0.131944380606307,18,1,0,1,0,1,0,0,1,0,0
22,2,0,-0.4367656801389539,24,5,0,1,0,1,0,0,1,0,0
43,2,4,-0.3807636274341188,24,1,0,1,0,1,0,0,0,0,1
27,2,0,-0.7862468444868491,15,5,0,1,0,1,0,1,0,0,0
26,3,2,-0.012851407765644947,24,5,0,1,0,1,0,0,0,0,1
28,2,2,-0.8266533888435023,12,1,0,1,0,1,0,0,0,1,0
20,2,0,-0.46228560289052434,24,5,1,0,0,1,0,0,1,0,0
35,3,0,1.4113020591206054,33,1,0,1,0,1,0,0,0,0,1
42,3,0,-0.3470915071369078,12,0,0,1,0,1,0,0,0,0,1
40,1,2,-0.5934296503638724,10,1,0,1,0,0,1,0,0,0,1
35,2,4,-0.6699894186185837,24,1,1,0,0,1,0,1,0,0,0
35,2,0,0.9111824618641347,36,1,0,1,0,1,0,0,0,0,1
33,1,0,-0.2453662595021756,12,1,0,1,0,1,0,1,0,0,0
23,2,4,1.8430140856680053,18,3,1,0,0,0,1,1,0,0,0
31,3,2,-0.17341425507760896,21,1,1,0,0,1,0,0,0,0,1
33,2,4,-0.7901457215738945,18,1,1,0,0,1,0,0,1,0,0
20,2,3,-0.030219132971574827,15,1,1,0,0,0,1,0,0,0,1
30,2,4,-0.4406645572259994,12,1,0,1,0,1,0,0,1,0,0
47,1,0,-0.8199189647840601,12,1,0,1,0,1,0,0,1,0,0
34,3,1,-0.5955563105931699,21,4,0,1,0,1,0,0,0,0,1
25,2,4,-0.18050312250860073,12,4,1,0,0,1,0,0,1,0,0
21,2,0,-0.17447758519225773,18,1,0,1,0,0,1,0,1,0,0
29,2,0,-0.18723754656804295,28,5,0,1,0,1,0,0,0,0,1
46,2,3,-0.7522202808180884,18,5,0,1,0,1,0,0,0,0,1
20,2,0,-0.6940915678839559,9,4,0,1,0,1,0,0,0,0,1
55,0,0,-0.7376881025845553,18,6,1,0,1,0,0,1,0,0,0
74,1,0,0.0626450303744176,5,0,0,1,0,1,0,0,0,0,1
29,3,0,2.8556587981851824,24,7,0,1,0,1,0,0,1,0,0
36,3,0,-0.49595772318773534,6,4,0,1,1,0,0,1,0,0,0
33,2,0,-0.4300312560795117,24,6,0,1,0,1,0,0,0,0,1
25,2,0,-0.40238467309864373,9,4,0,1,0,1,0,1,0,0,0
25,2,4,-0.633481751348976,12,5,0,1,0,1,0,0,1,0,0
23,1,2,-0.9255430895058377,6,6,0,1,0,0,1,0,0,0,1
37,2,3,-0.7033070955442452,24,1,1,0,0,1,0,0,0,0,1
65,0,0,0.04350508831073977,42,6,0,1,0,1,0,1,0,0,0
26,0,0,-0.9436197014548667,12,0,1,0,0,1,0,0,0,1,0
39,3,0,-0.4917044027291403,12,1,0,1,0,1,0,0,0,0,1
30,2,0,-0.5852774528182318,12,4,1,0,0,1,0,1,0,0,0
29,2,0,-0.22764409092469615,20,7,0,1,0,1,0,0,1,0,0
41,1,0,-0.9046309305844119,12,3,0,1,0,1,0,0,0,0,1
30,3,0,0.646767706688141,48,4,1,0,0,1,0,0,1,0,0
41,1,4,-0.7185481605208774,9,3,1,0,0,0,1,0,0,0,1
34,2,0,-0.506591024334223,36,1,1,0,0,1,0,1,0,0,0
35,2,0,-0.24642958961682437,7,5,0,1,0,1,0,0,1,0,0
55,3,4,-0.6547483536419514,12,4,1,0,0,1,0,0,0,1,0
61,2,3,-0.6235573369455876,15,6,0,1,0,1,0,0,1,0,0
30,3,4,2.7585413143805946,36,1,0,1,0,1,0,0,0,0,1
29,2,0,-0.9758740482658794,6,5,1,0,0,1,0,0,0,0,1
34,2,0,-0.18156645262324952,12,4,0,1,0,1,0,0,0,0,1
35,3,0,-0.21311191269116297,24,1,0,1,0,1,0,0,0,0,1
31,2,0,0.5478780060258055,24,1,0,1,0,1,0,1,0,0,0
29,3,0,-0.20992192234721666,24,1,1,0,0,1,0,0,0,0,1
36,2,0,0.22462565117257996,11,1,0,1,0,0,1,1,0,0,0
35,2,0,0.04066954133834306,12,1,0,1,1,0,0,1,0,0,0
27,2,0,-1.0379016382870576,6,2,1,0,0,1,0,1,0,0,0
32,2,0,0.4688371341702471,18,5,0,1,0,1,0,0,0,0,1
37,2,0,0.12360929028094698,36,4,0,1,0,1,0,1,0,0,0
36,2,0,-0.5494786722917233,15,1,0,1,0,1,0,1,0,0,0
34,3,0,-0.09012006276345544,12,4,1,0,0,0,1,0,1,0,0
38,2,4,-0.8922254125801763,12,3,0,1,0,1,0,0,1,0,0
34,2,0,-0.46831114020686737,18,0,0,1,0,1,0,0,0,0,1
63,2,0,-0.12308329631756726,24,1,0,1,0,1,0,1,0,0,0
29,1,0,-0.5714541613277979,24,5,1,0,0,0,1,1,0,0,0
32,2,4,1.4059854085473615,48,5,0,1,0,1,0,0,0,0,1
26,2,0,-0.17979423576550158,33,0,1,0,0,1,0,0,0,0,1
35,1,0,0.4989648207519622,24,1,0,1,0,1,0,0,0,0,1
22,2,1,-0.06353680989723623,24,5,0,1,0,0,1,0,1,0,0
23,2,0,-1.0006850842743507,6,3,1,0,0,1,0,1,0,0,0
28,1,0,-0.9276697497351353,9,1,0,1,0,1,0,1,0,0,0
36,3,4,-0.7206748207501751,6,3,0,1,0,1,0,0,0,0,1
33,2,0,-0.7181937171493279,18,5,0,1,0,1,0,0,1,0,0
26,2,0,-0.05573905572314527,18,4,1,0,0,0,1,1,0,0,0
24,2,2,-0.2489106932176715,39,1,0,1,0,1,0,0,0,0,1
25,2,0,0.666616535494918,24,5,0,1,0,1,0,0,0,1,0
39,1,1,-0.7919179384316425,12,0,0,1,0,1,0,0,1,0,0
44,2,0,-0.6356084115782735,15,4,0,1,0,1,0,1,0,0,0
23,1,0,0.10695045181811628,12,5,1,0,0,1,0,0,1,0,0
26,2,0,-0.7337892254975098,24,1,0,1,0,1,0,0,1,0,0
57,2,3,0.12431817702404616,30,4,1,0,0,0,1,1,0,0,0
30,2,3,-0.8192100780409609,15,4,1,0,0,1,0,0,0,0,1
44,2,2,-0.7472580736163943,12,1,0,1,0,1,0,0,0,0,1
47,3,0,-0.7309536785251132,6,1,0,1,0,1,0,0,1,0,0
52,2,0,-0.06885346047048008,12,5,0,1,0,1,0,0,0,0,1
62,2,0,0.17216803218324073,24,1,1,0,1,0,0,0,0,0,1
35,1,1,-0.6568750138712489,10,1,0,1,0,0,1,0,0,0,1
26,2,0,0.08745606638288886,6,1,0,1,0,0,1,0,0,0,1
26,2,0,-0.4739822341516608,12,5,0,1,0,1,0,0,0,0,1
42,3,0,1.788784249820918,27,0,1,0,1,0,0,0,1,0,0
27,2,1,-0.7210292641217246,6,5,1,0,0,1,0,0,0,0,1
38,2,4,-1.0290405539983178,6,5,0,1,0,1,0,0,1,0,0
39,1,0,-0.407346880300338,12,1,0,1,0,0,1,1,0,0,0
20,2,4,-0.09756337356599681,24,4,0,1,0,1,0,1,0,0,0
29,3,1,2.0425657038504244,36,4,0,1,0,0,1,0,1,0,0
40,2,0,-0.5976829708224675,24,4,0,1,0,1,0,0,0,0,1
32,1,0,-0.6983448883425509,18,5,0,1,0,1,0,0,1,0,0
28,2,1,-0.6905471341684599,6,1,0,1,0,1,0,0,0,1,0
27,2,0,-0.05254906537919896,24,1,1,0,0,1,0,1,0,0,0
42,2,0,0.7874817251933279,36,1,0,1,1,0,0,1,0,0,0
49,2,1,-0.760372478363729,9,5,0,1,0,1,0,0,0,1,0
38,2,1,-0.728472574924266,24,5,0,1,0,1,0,0,1,0,0
24,2,0,-0.7316625652682123,24,1,1,0,0,0,1,1,0,0,0
27,1,4,-0.6955093413701542,10,1,0,1,0,1,0,0,0,0,1
36,2,2,-0.3229893578715357,15,1,0,1,0,1,0,0,0,1,0
34,3,1,1.2684613803861209,15,1,0,1,0,1,0,0,1,0,0
28,2,0,-0.6586472307289969,24,5,0,1,0,1,0,0,0,0,1
45,3,1,1.8844839601393073,39,1,0,1,0,1,0,0,0,0,1
26,2,0,-0.8904531957224283,12,1,0,1,0,1,0,1,0,0,0
32,3,0,0.5014459243528093,36,1,0,1,1,0,0,0,0,0,1
26,2,0,-0.20708637537481994,15,0,0,1,0,0,1,0,0,1,0
20,2,0,-0.952126342372057,12,5,0,1,0,0,1,0,1,0,0
54,2,4,-0.36020591188424256,24,1,0,1,0,1,0,0,0,0,1
37,2,0,-0.9436197014548667,6,1,1,0,0,1,0,1,0,0,0
40,1,0,-0.6770782860495755,6,1,0,1,0,1,0,1,0,0,0
23,2,0,1.366642194305357,36,4,1,0,0,0,1,0,0,0,1
43,2,1,-0.7330803387544107,6,1,0,1,0,1,0,1,0,0,0
36,2,4,-0.9113653546438542,6,5,0,1,1,0,0,0,0,0,1
44,2,0,0.7924439323950222,24,6,0,1,1,0,0,0,0,0,1
24,2,0,-0.02880135948537647,18,5,1,0,0,1,0,1,0,0,0
53,2,0,1.3638066473329604,48,4,0,1,1,0,0,1,0,0,0
23,2,1,0.07682276523640118,24,1,1,0,0,1,0,0,0,0,1
26,1,0,-0.7649802421938737,18,5,1,0,0,1,0,0,1,0,0
30,2,0,1.6640201830354626,26,1,0,1,0,1,0,0,1,0,0
31,2,1,-0.6164684695145958,15,3,1,0,0,1,0,0,0,0,1
42,1,0,-0.6267473272895339,4,5,0,1,0,1,0,0,0,0,1
31,2,0,-0.3435470734214119,36,5,0,1,0,0,1,1,0,0,0
41,1,0,-0.9248342027627385,6,1,0,1,0,1,0,1,0,0,0
32,2,0,-0.35382593119635,36,3,0,1,0,1,0,0,1,0,0
28,2,1,-0.22693520418159696,15,1,1,0,0,0,1,0,1,0,0
41,2,0,-0.6267473272895339,12,1,0,1,0,0,1,0,0,0,1
26,2,1,-0.694800454627055,24,5,0,1,0,1,0,0,0,0,1
25,2,4,-0.058929046067091574,24,5,0,1,0,1,0,0,0,0,1
33,2,0,-0.33752153610506885,21,3,0,1,0,0,1,0,0,1,0
75,3,4,-0.6724705222194308,6,1,1,0,0,1,0,1,0,0,0
37,2,0,0.12077374330855027,18,4,1,0,0,1,0,0,1,0,0
42,3,0,1.592068178610896,48,1,0,1,1,0,0,1,0,0,0
45,1,0,-0.07877787487386859,18,4,1,0,0,1,0,0,0,1,0
23,2,0,-0.6157595827714966,12,5,0,1,0,0,1,0,1,0,0
60,2,0,-0.439246783739801,24,1,0,1,1,0,0,0,0,0,1
31,2,4,1.091239694611326,30,4,0,1,0,1,0,1,0,0,0
34,1,0,-0.14434989861054262,18,4,0,1,0,1,0,0,0,1,0
61,1,0,-0.714649283433832,12,1,0,1,0,1,0,0,0,0,1
43,2,0,-0.6870027004529641,24,1,0,1,1,0,0,1,0,0,0
37,2,0,-0.4427912174552969,24,1,1,0,0,1,0,0,0,0,1
32,2,0,-0.609379602083604,24,5,0,1,0,1,0,0,0,0,1
24,1,0,-0.9375941641385238,12,5,1,0,0,1,0,1,0,0,0
35,2,4,1.9801836704576965,48,1,0,1,1,0,0,0,0,0,1
23,2,4,-0.8064501166651756,12,6,1,0,0,1,0,0,0,0,1
45,1,2,-0.5391998145167852,6,5,0,1,0,1,0,0,0,0,1
34,2,0,1.3212734427470096,48,5,0,1,0,1,0,1,0,0,0
27,2,1,-0.45236118848713586,12,1,0,1,0,1,0,0,1,0,0
67,3,0,-0.734498112240609,9,3,1,0,0,1,0,0,1,0,0
22,2,0,-0.6877115871960632,12,5,0,1,0,1,0,0,1,0,0
28,2,1,-0.35205371433860205,18,1,1,0,0,1,0,0,1,0,0
29,2,4,0.6138044731340292,21,1,1,0,0,1,0,0,0,0,1
27,2,0,0.0995071410155749,24,4,0,1,0,1,0,1,0,0,0
31,1,0,-0.4761088943809583,18,4,0,1,0,1,0,0,1,0,0
49,2,4,-0.10890556145558368,24,1,0,1,1,0,0,1,0,0,0
24,1,0,-0.6115062623129015,24,5,0,1,0,0,1,1,0,0,0
29,2,0,-0.9173908919601972,6,5,1,0,0,1,0,0,0,1,0
37,2,4,3.2317232153992967,36,1,0,1,1,0,0,0,1,0,0
37,3,4,0.5106614520130986,24,0,0,1,0,1,0,0,1,0,0
23,2,1,-0.6090251587120543,24,5,1,0,0,0,1,0,1,0,0
36,2,0,-0.67317940896253,12,1,0,1,0,1,0,1,0,0,0
34,2,3,-0.2457207028737252,24,5,0,1,0,1,0,0,0,0,1
41,2,4,0.2508544606672496,48,5,0,1,0,1,0,0,1,0,0
31,2,0,1.2358525902035586,48,5,1,0,0,1,0,1,0,0,0
23,1,0,-0.013205851137194536,24,4,1,0,0,0,1,1,0,0,0
38,2,0,0.9508801194776887,30,5,0,1,0,1,0,0,0,0,1
26,3,4,0.7662151229003527,24,1,1,0,0,0,1,0,0,0,1
22,1,0,-0.8737943572595976,15,0,1,0,0,1,0,1,0,0,0
27,1,0,-0.775967986711911,9,5,0,1,0,1,0,0,1,0,0
24,2,0,-0.1712875948483114,15,4,1,0,0,1,0,0,0,0,1
27,2,0,-0.12095663608826972,12,5,1,0,0,1,0,0,1,0,0
33,2,4,-0.47646333775250793,24,3,1,0,0,1,0,0,0,0,1
27,2,0,-0.15994540695872456,36,1,0,1,0,1,0,0,1,0,0
27,1,0,-0.8273622755866015,24,3,0,1,0,1,0,0,0,0,1
30,2,0,-0.7851835143722004,18,1,0,1,0,1,0,0,1,0,0
49,1,0,-0.05219462200764937,12,1,0,1,0,1,0,0,1,0,0
26,2,0,-0.6675083150177367,9,4,1,0,0,0,1,0,0,0,1
33,1,0,-0.31448271695434554,36,6,0,1,0,0,1,0,1,0,0
52,3,4,-0.4034480032132925,12,1,1,0,1,0,0,0,0,0,1
20,2,0,-0.4367656801389539,18,4,1,0,0,0,1,1,0,0,0
36,2,0,-0.16738871776126593,9,1,0,1,0,0,1,1,0,0,0
21,1,0,-0.702598208801146,12,4,0,1,0,1,0,1,0,0,0
47,1,0,-0.7281181315527164,18,2,0,1,0,1,0,1,0,0,0
60,2,0,-0.3633959022281889,12,4,0,1,0,1,0,1,0,0,0
58,1,0,-1.023015016681975,12,5,1,0,0,1,0,1,0,0,0
42,2,4,-0.4629944896336235,24,1,1,0,0,0,1,0,1,0,0
36,1,3,-0.6022907346526122,21,0,1,0,0,1,0,0,0,0,1
20,1,0,-0.19609863085678267,24,1,1,0,0,0,1,0,1,0,0
40,3,4,-0.6781416161642243,24,7,0,1,0,1,0,1,0,0,0
32,1,1,-0.829488935815899,6,1,1,0,0,1,0,0,1,0,0
23,2,0,-0.6483683729540588,24,1,1,0,0,0,1,1,0,0,0
36,1,0,0.343718624013242,24,0,0,1,0,1,0,0,1,0,0
31,2,0,-0.17589535867845607,18,1,0,1,0,1,0,0,0,0,1
32,2,0,0.2097390295674972,24,0,0,1,1,0,0,0,0,0,1
45,2,0,-0.33397710238957296,7,5,1,0,0,1,0,0,1,0,0
30,2,0,-0.8340966996460436,9,4,1,0,0,1,0,0,1,0,0
34,1,0,-0.508363241191971,24,3,1,0,1,0,0,0,1,0,0
28,3,0,0.027555136591008247,36,4,1,0,0,1,0,0,0,0,1
23,2,0,-0.7075604160028403,10,4,1,0,0,1,0,0,0,1,0
22,2,2,-0.15710985998632784,24,4,0,1,0,1,0,1,0,0,0
74,3,0,0.444734984904875,24,0,0,1,0,1,0,0,0,0,1
50,2,1,-0.2127574693196134,36,5,1,0,1,0,0,0,1,0,0
33,2,0,-0.43251235968035884,18,5,0,1,0,1,0,0,0,0,1
45,2,4,-0.6986993317141005,15,1,0,1,1,0,0,0,0,0,1
22,2,1,-0.896833176410321,12,2,1,0,0,1,0,1,0,0,0
48,1,1,-0.7199659340070759,10,1,1,0,1,0,0,0,0,1,0
29,2,3,0.030390683563404963,21,5,1,0,0,1,0,1,0,0,0
22,2,0,0.12786261073954205,24,1,1,0,0,0,1,1,0,0,0
22,2,0,-0.518642098966909,18,4,1,0,0,1,0,0,0,0,1
48,3,4,3.166151191662623,48,0,0,1,0,1,0,0,1,0,0
27,3,4,2.0861622385510237,60,5,0,1,1,0,0,0,1,0,0
37,2,0,0.143458119087724,6,1,0,1,0,0,1,1,0,0,0
21,2,1,0.06016392677357048,30,4,1,0,0,0,1,0,1,0,0
49,1,0,-0.9326319569368295,12,1,0,1,0,1,0,0,0,0,1
27,2,0,0.13495147817053385,21,0,0,1,0,1,0,0,1,0,0
32,2,0,-0.6171773562576949,18,1,0,1,0,1,0,0,0,0,1
38,2,4,0.22781564151652628,48,0,0,1,0,1,0,0,0,0,1
22,2,0,-0.5009199303894296,12,4,1,0,0,0,1,1,0,0,0
65,2,0,-0.23792294869963423,18,5,0,1,1,0,0,1,0,0,0
35,2,4,-0.4580322824319293,15,5,0,1,0,1,0,0,0,0,1
41,2,0,-0.4094735405296355,6,4,0,1,0,1,0,0,0,1,0
29,2,1,-0.6501405898118068,9,1,0,1,0,1,0,0,1,0,0
36,2,2,0.27318439307487374,42,4,0,1,0,1,0,0,0,0,1
64,1,4,0.19875128504945994,9,3,0,1,0,1,0,0,0,0,1
28,2,0,0.13778702514293056,24,5,1,0,0,1,0,1,0,0,0
44,2,0,-0.6090251587120543,18,4,0,1,0,1,0,1,0,0,0
23,2,4,-0.6476594862109596,15,5,0,1,0,1,0,0,1,0,0
19,2,0,-0.4576778390603797,9,4,1,0,0,0,1,0,0,0,1
25,1,0,-0.6792049462788731,24,1,1,0,0,1,0,0,1,0,0
47,2,0,-0.6657360981599887,12,3,0,1,0,1,0,0,0,0,1
28,2,2,-0.6717616354763317,24,5,1,0,0,1,0,0,0,0,1
21,2,0,4.388626380137157,60,5,0,1,0,1,0,0,0,0,1
34,2,0,-0.6302917610050297,12,5,1,0,0,1,0,0,0,0,1
26,2,0,0.38944181894313906,42,5,0,1,0,1,0,1,0,0,0
27,0,0,-0.8936431860663747,18,3,1,0,0,1,0,1,0,0,0
38,1,0,-0.6958637847417037,15,6,0,1,0,1,0,0,1,0,0
40,3,1,0.47911599194518517,15,3,0,1,0,1,0,0,0,0,1
33,2,0,-0.5034010339902767,24,5,0,1,0,1,0,0,0,0,1
32,3,0,-0.4931221762153386,18,5,0,1,0,1,0,1,0,0,0
27,2,4,1.6689823902371568,36,0,0,1,0,0,1,0,0,0,1
32,2,0,0.4649382570832016,30,4,0,1,0,1,0,1,0,0,0
26,2,2,-0.6682172017608358,12,1,1,0,0,1,0,0,0,0,1
38,2,0,-0.8238178418711055,24,1,0,1,1,0,0,0,0,1,0
40,1,0,-0.9170364485886475,12,3,0,1,0,0,1,1,0,0,0
50,3,0,1.4903429309761638,48,3,0,1,1,0,0,1,0,0,0
37,1,0,-0.47823555461025585,12,4,0,1,0,1,0,0,1,0,0
45,2,0,-0.3431926300498623,24,1,0,1,0,1,0,1,0,0,0
42,3,1,1.7065533876214134,36,1,0,1,0,1,0,0,1,0,0
35,2,0,-0.3279515650732299,24,1,0,1,0,1,0,0,0,0,1
22,2,0,0.24872780043795206,14,1,0,1,1,0,0,1,0,0,0
41,1,0,-0.8447300007925314,12,1,0,1,0,1,0,0,1,0,0
37,2,4,2.463644429251336,48,5,0,1,0,1,0,0,0,0,1
28,2,0,0.33662975658225025,30,0,1,0,0,1,0,0,1,0,0
41,2,0,1.0951385716983717,18,4,0,1,0,1,0,0,1,0,0
23,2,0,-0.6997626618287492,12,5,0,1,0,0,1,0,0,1,0
23,2,4,-0.8404766803339363,12,1,0,1,0,1,0,1,0,0,0
50,2,0,-0.3651681190859368,21,4,0,1,0,1,0,0,0,0,1
35,3,0,-0.7873101746014979,6,4,0,1,0,1,0,0,1,0,0
50,1,0,-0.7883735047161466,6,3,1,0,0,1,0,0,0,1,0
27,3,0,1.078479733235541,24,7,0,1,0,1,0,0,0,0,1
34,2,3,0.07965831220879789,30,4,0,1,0,1,0,0,1,0,0
27,2,0,0.1197104131939015,48,0,1,0,0,1,0,0,0,0,1
43,2,0,0.5570935336860948,12,1,0,1,0,0,1,1,0,0,0
47,2,0,-0.09012006276345544,30,5,0,1,0,1,0,0,0,1,0
27,1,1,0.3075654001151839,24,0,0,1,0,1,0,0,0,0,1
31,2,1,0.8757381247091758,36,0,0,1,0,1,0,0,0,0,1
42,3,0,2.5146842747544773,60,1,0,1,0,1,0,0,0,0,1
24,2,2,-0.42223350190542075,6,1,0,1,0,1,0,0,0,0,1
41,1,2,-0.24501181613062603,21,0,0,1,0,1,0,0,0,0,1
26,3,0,0.4461527583910734,30,5,1,0,0,0,1,0,0,0,1
33,2,0,0.6659076487518188,24,4,0,1,0,1,0,0,0,0,1
24,2,1,0.8236349490913861,72,5,0,1,0,1,0,0,1,0,0
64,1,0,-0.31448271695434554,24,5,0,1,0,0,1,1,0,0,0
26,2,0,-0.6444694958670133,18,5,1,0,0,1,0,0,0,0,1
56,2,0,-0.6143418092852982,6,3,1,0,0,1,0,0,0,0,1
37,2,4,-0.35169927096705245,12,5,0,1,1,0,0,0,0,0,1
33,2,0,-0.6356084115782735,15,5,0,1,0,1,0,0,0,0,1
47,2,0,0.6492488102889881,24,5,0,1,1,0,0,0,0,0,1
31,1,1,2.3342725986357364,36,0,0,1,0,1,0,0,1,0,0
34,2,4,1.1539761713756034,60,1,0,1,1,0,0,0,0,0,1
27,2,4,-0.6820404932512698,10,5,0,1,0,1,0,0,0,1,0
30,2,1,-0.1450587853536418,36,1,0,1,1,0,0,0,1,0,0
35,2,1,-0.18369311285254705,9,5,0,1,0,1,0,0,0,0,1
31,2,3,0.13459703479898424,12,1,0,1,0,1,0,1,0,0,0
25,2,0,-0.8138934274677171,15,4,0,1,0,1,0,1,0,0,0
25,1,1,-0.22693520418159696,15,6,1,0,0,1,0,0,1,0,0
29,2,1,-0.13300771072095577,24,5,0,1,0,1,0,0,1,0,0
44,1,4,0.512079225499297,6,1,0,1,0,1,0,1,0,0,0
28,2,0,-0.34992705410930447,24,5,0,1,0,1,0,0,0,0,1
50,2,2,-0.7213837074932742,6,1,0,1,0,0,1,0,0,0,1
29,2,0,-0.7685246759093696,12,5,0,1,0,1,0,0,1,0,0
38,0,0,-0.831261152673647,12,1,1,0,0,1,0,0,0,0,1
24,2,0,-0.5214776459393058,18,5,0,1,0,1,0,0,0,0,1
40,3,0,-0.4842610919265989,15,3,0,1,0,0,1,0,0,1,0
29,1,2,-0.7614358084783778,12,4,1,0,0,0,1,0,0,0,1
46,2,0,1.0845052705518838,48,1,0,1,1,0,0,1,0,0,0
47,2,1,-0.6714071921047821,24,5,1,0,1,0,0,0,0,1,0
41,2,1,-0.2723039557399444,30,0,0,1,0,1,0,0,1,0,0
32,2,0,-0.26344287145120465,27,0,1,0,0,1,0,0,1,0,0
35,2,2,0.7275807954014474,15,1,1,0,1,0,0,0,0,0,1
24,2,1,1.16567280263674,48,1,0,1,0,1,0,0,1,0,0
25,2,0,-0.10713334459783573,12,4,1,0,0,0,1,0,1,0,0
25,2,0,-0.7320170086397619,9,5,1,0,0,1,0,0,1,0,0
37,1,0,-0.4087646537865363,9,5,0,1,0,1,0,0,1,0,0
32,3,2,-0.9365308340238749,18,5,0,1,0,1,0,0,0,0,1
35,2,0,-0.7348525556121586,6,3,1,0,1,0,0,1,0,0,0
46,3,4,-0.2818739267717833,21,1,0,1,0,1,0,0,0,0,1
25,1,0,-0.756119157905134,9,5,0,1,0,1,0,1,0,0,0
27,3,0,3.812301457997524,60,1,0,1,0,1,0,0,1,0,0
63,2,4,1.5328761355621146,30,1,0,1,0,1,0,0,0,0,1
40,2,4,-0.06885346047048008,30,5,0,1,0,1,0,0,0,0,1
32,3,0,-0.6260384405464346,18,5,0,1,1,0,0,0,0,0,1
31,2,4,-0.043687981090459224,24,5,0,1,0,1,0,0,0,1,0
31,2,1,1.019642133558309,20,1,0,1,0,1,0,0,1,0,0
34,3,0,-0.6855849269667657,9,5,0,1,0,1,0,0,0,1,0
24,2,3,-1.0060017348475945,6,3,1,0,0,0,1,0,1,0,0
24,1,0,-0.7242192544656709,12,1,1,0,0,1,0,1,0,0,0
66,1,2,-0.8794654512043911,9,5,1,0,0,1,0,0,1,0,0
21,2,0,-0.2485562498461219,27,1,1,0,0,0,1,0,0,0,1
41,1,3,-1.0708648718411693,6,1,1,0,0,1,0,0,0,0,1
47,1,2,-0.6930282377693071,15,5,0,1,0,1,0,0,0,0,1
25,2,0,-0.49241328947223945,18,5,1,0,0,0,1,1,0,0,0
59,2,0,1.1146329571335991,48,0,1,0,0,0,1,0,1,0,0
36,2,3,-0.7075604160028403,24,0,0,1,0,1,0,0,0,1,0
33,2,0,1.1100251933034544,24,5,0,1,0,1,0,0,1,0,0
21,1,0,-0.45519673545953254,24,5,0,1,0,0,1,1,0,0,0
44,1,0,-0.8900987523508788,8,5,1,0,0,1,0,0,1,0,0
28,2,3,-0.23685961858498547,24,1,1,0,0,0,1,0,0,0,1
37,2,0,0.038542881109045524,4,1,1,0,0,1,0,0,0,0,1
29,0,4,0.2547533377542951,36,2,1,0,0,1,0,0,1,0,0
23,3,0,2.937889660384687,24,1,1,0,0,0,1,0,1,0,0
35,1,1,0.39298625265863496,18,1,0,1,0,1,0,1,0,0,0
45,3,0,1.2369159203182074,6,1,0,1,0,1,0,0,0,0,1
26,1,1,0.357541915503676,30,0,1,0,0,0,1,0,1,0,0
32,2,1,-0.3353948758757713,24,1,0,1,0,1,0,1,0,0,0
23,1,0,-0.788019061344597,10,5,0,1,0,1,0,0,1,0,0
41,2,4,-0.039434660631864155,21,5,0,1,0,1,0,0,0,0,1
22,2,2,-0.2793928231709362,24,4,0,1,0,1,0,1,0,0,0
30,3,4,3.8661768504730616,39,4,0,1,0,1,0,1,0,0,0
28,1,0,-0.5225409760539546,13,0,0,1,0,1,0,1,0,0,0
23,2,0,-0.2694684087675477,15,1,1,0,0,0,1,1,0,0,0
37,1,0,-0.7079148593743898,12,1,1,0,0,1,0,1,0,0,0
26,2,4,0.7006430991636786,21,1,0,1,0,1,0,0,0,0,1
33,2,0,-0.08586674230486037,15,1,0,1,0,1,0,0,0,0,1
49,2,0,-1.0077739517053426,6,4,1,0,0,1,0,1,0,0,0
23,1,0,-0.8135389840961674,18,1,1,0,0,1,0,1,0,0,0
23,1,1,-0.861388839255362,12,0,1,0,0,0,1,0,1,0,0
25,2,0,0.8860169824841139,30,5,1,0,0,1,0,0,0,0,1
55,2,3,-0.6083162719689552,12,6,0,1,1,0,0,0,0,0,1
32,2,4,-0.7040159822873443,24,1,1,0,0,0,1,1,0,0,0
74,0,0,-0.69905377508565,6,1,0,1,0,1,0,0,0,1,0
39,2,4,-0.7089781894890386,15,5,0,1,1,0,0,0,0,1,0
31,2,0,-0.6657360981599887,24,1,0,1,0,1,0,0,0,0,1
35,2,0,-0.9145553449878004,12,1,0,1,0,1,0,1,0,0,0
59,2,4,0.6286910947391119,15,1,1,0,0,1,0,0,0,0,1
24,2,0,-0.4066379935572388,18,4,1,0,0,0,1,1,0,0,0
24,1,0,-0.37473809011777576,12,5,0,1,0,1,0,1,0,0,0
30,3,4,3.3348662365202273,21,1,0,1,1,0,0,0,0,0,1
27,2,1,-0.28648169060192796,24,1,0,1,0,1,0,0,0,0,1
40,1,0,-0.7500936205887909,12,5,0,1,0,1,0,0,1,0,0
31,1,0,-0.0578657159524428,30,4,0,1,0,1,0,1,0,0,0
31,2,4,-0.13123549386320782,10,1,1,0,0,0,1,0,0,0,1
28,2,0,0.12254596016629822,12,4,0,1,0,0,1,0,1,0,0
63,1,0,-0.5728719348139962,12,5,0,1,0,1,0,0,0,0,1
26,2,4,-0.16278095393112127,24,1,1,0,0,0,1,1,0,0,0
25,3,0,1.699110076818872,36,3,1,0,0,1,0,1,0,0,0
36,3,0,0.0013263270963386306,21,1,0,1,0,1,0,0,0,0,1
52,2,1,-0.37154809977382947,24,5,0,1,0,1,0,0,0,0,1
66,0,2,-0.6348995248351744,12,1,0,1,1,0,0,0,0,1,0
25,2,4,-0.6735338523340796,24,1,1,0,0,0,1,1,0,0,0
37,2,0,0.09348160369923188,36,1,0,1,0,1,0,0,0,0,1
25,2,0,0.08426607603894255,18,5,1,0,0,1,0,1,0,0,0
38,3,3,0.8647503801911385,36,1,0,1,0,1,0,0,0,0,1
67,2,0,0.21292901991144353,18,6,1,0,0,1,0,0,1,0,0
25,2,0,0.5889934371255579,39,5,0,1,0,1,0,0,1,0,0
60,2,3,-0.47185557392236327,24,1,0,1,0,1,0,0,0,0,1
31,1,0,-0.6597105608436457,12,3,0,1,0,1,0,0,1,0,0
23,1,1,-0.86316105611311,12,1,1,0,0,1,0,0,1,0,0
60,3,4,1.1330640124541778,20,1,0,1,0,1,0,0,1,0,0
35,1,3,-0.47150113055081366,18,0,0,1,0,1,0,0,1,0,0
40,2,2,-0.21133969583341503,22,5,0,1,0,1,0,0,0,0,1
38,2,4,-0.18440199959564624,48,1,0,1,0,1,0,0,0,0,1
50,2,0,1.0465798297960778,48,3,0,1,1,0,0,0,1,0,0
27,2,0,0.9664756278258706,40,3,0,1,0,1,0,1,0,0,0
39,2,0,-0.7383969893276545,21,0,1,0,0,1,0,0,1,0,0
41,3,4,1.0781252898639913,24,1,0,1,0,1,0,0,0,0,1
27,2,4,-0.726700358066518,6,4,0,1,0,1,0,0,0,0,1
51,2,0,-0.1344254842071541,24,4,0,1,1,0,0,0,0,1,0
32,2,2,-0.07417011104372391,24,4,0,1,0,0,1,0,0,0,1
22,2,1,-0.3439015167929615,9,4,1,0,0,0,1,0,0,0,1
51,2,4,1.5027484489803995,18,1,0,1,1,0,0,1,0,0,0
22,1,0,-0.7135859533191833,12,4,1,0,0,0,1,0,0,0,1
54,2,4,-0.9053398173275111,24,1,0,1,0,1,0,0,0,0,1
35,0,4,-0.6104429321982527,9,1,0,1,0,1,0,0,1,0,0
54,2,0,-0.5934296503638724,24,3,0,1,1,0,0,0,0,0,1
48,1,0,-0.5232498627970538,18,5,1,0,0,0,1,0,1,0,0
24,2,0,0.3547063685312793,20,4,1,0,0,1,0,1,0,0,0
35,2,4,-0.8135389840961674,12,5,0,1,0,1,0,0,0,0,1
24,0,4,1.4889251574899653,12,1,1,0,0,0,1,0,1,0,0
24,2,0,2.1265687829076767,36,1,0,1,0,1,0,1,0,0,0
26,1,0,-0.950354125514309,6,5,0,1,0,1,0,0,1,0,0
65,2,4,-0.8298433791874485,12,5,0,1,0,1,0,0,0,0,1
55,3,0,2.1308221033662718,42,1,0,1,1,0,0,0,1,0,0
26,0,0,-0.5292754001133967,15,1,1,0,0,0,1,0,1,0,0
26,2,0,-0.8379955767330891,8,0,0,1,0,1,0,0,1,0,0
28,1,0,-0.9879251228985655,6,5,0,1,0,1,0,0,1,0,0
24,2,0,2.25345950992243,36,1,0,1,0,1,0,1,0,0,0
54,2,0,-0.0780689881307694,48,2,0,1,0,1,0,1,0,0,0
46,2,0,0.23384117883286928,48,1,0,1,1,0,0,1,0,0,0
54,2,0,1.474747422627982,36,1,1,0,0,0,1,0,1,0,0
62,2,2,-0.6852304835952161,6,2,0,1,0,1,0,0,0,0,1
24,2,0,-0.6086707153405048,6,5,1,0,0,0,1,0,0,0,1
43,3,0,4.460932827933273,36,7,0,1,0,1,0,1,0,0,0
26,2,0,-0.6827493799943689,18,5,0,1,0,1,0,1,0,0,0
27,2,0,-0.7692335626524688,12,1,0,1,0,1,0,0,0,0,1
24,2,0,-0.09047450613500503,12,5,0,1,0,1,0,0,0,1,0
41,2,0,-0.19822529108608022,36,4,0,1,0,1,0,1,0,0,0
47,1,0,-0.9003776101258169,8,1,0,1,0,1,0,1,0,0,0
35,3,0,0.1803202297288813,18,4,0,1,0,1,0,0,0,0,1
30,2,0,-0.5916574335061244,21,1,0,1,0,1,0,1,0,0,0
33,2,0,0.24624669683710493,18,1,1,0,0,0,1,1,0,0,0
36,2,0,0.31678092777547323,18,0,0,1,0,1,0,0,0,0,1
47,2,4,1.794809787137261,36,1,0,1,1,0,0,1,0,0,0
38,2,4,1.2085604505942402,48,0,0,1,1,0,0,0,1,0,0
44,2,2,-0.31767270729829183,24,0,0,1,0,1,0,0,0,0,1
23,2,0,-0.728472574924266,18,1,1,0,0,0,1,1,0,0,0
29,2,0,3.028627163501382,45,0,0,1,0,0,1,1,0,0,0
42,2,4,0.6425143862295459,24,5,1,0,0,1,0,0,1,0,0
25,1,0,-0.33468598913267217,15,5,1,0,0,1,0,0,0,1,0
48,2,0,-0.775967986711911,12,1,0,1,0,1,0,1,0,0,0
21,2,4,-0.8454388875356305,12,5,1,0,0,1,0,0,0,0,1
23,1,0,-0.9464552484272635,4,4,1,0,0,0,1,0,0,0,1
63,2,0,-0.1113866650564308,24,1,0,1,0,1,0,1,0,0,0
46,2,0,-0.23402407161258876,24,5,0,1,0,1,0,0,0,0,1
29,2,0,0.6761865065267569,36,4,0,1,0,1,0,1,0,0,0
28,1,0,-0.09862670368064559,21,1,0,1,0,1,0,0,0,0,1
23,2,0,-0.4707922438077145,18,6,1,0,0,1,0,0,0,0,1
50,2,0,-0.6068984984827568,24,0,0,1,0,1,0,0,0,0,1
47,2,0,0.053429502714128274,18,4,0,1,0,1,0,0,0,0,1
35,2,4,0.24979113055260083,21,4,0,1,0,1,0,0,1,0,0
68,2,4,1.2369159203182074,18,1,0,1,0,0,1,0,0,0,1
28,2,0,-0.7167759436631296,24,1,0,1,0,1,0,0,0,0,1
59,2,0,-0.6760149559349268,9,5,0,1,0,1,0,1,0,0,0
57,1,0,-0.9081753642999079,12,5,0,1,0,1,0,1,0,0,0
33,2,0,-0.36729477931523435,20,1,0,1,0,0,1,1,0,0,0
43,2,4,0.27318439307487374,24,1,0,1,0,1,0,0,0,0,1
35,2,0,-0.6380895151791207,15,5,0,1,1,0,0,0,0,0,1
32,1,0,-0.6483683729540588,18,1,0,1,1,0,0,1,0,0,0
45,2,0,2.695095950873218,36,1,0,1,0,1,0,0,0,0,1
33,2,1,-0.637026185064472,24,1,0,1,0,1,0,0,0,0,1
40,2,4,-0.8426033405632338,10,3,1,0,0,1,0,0,0,0,1
28,2,0,0.025428476361710712,15,4,0,1,1,0,0,0,0,0,1
29,2,0,0.2437655932362578,15,1,1,0,0,1,0,1,0,0,0
26,2,1,0.10836822530431464,9,1,0,1,0,0,1,0,0,0,1
27,2,3,0.8977136137452503,24,1,0,1,0,1,0,0,0,0,1
28,2,0,-0.39068804183750727,18,0,0,1,0,1,0,0,0,0,1
35,2,0,-0.29498833151911813,24,5,1,0,0,1,0,1,0,0,0
32,1,3,0.444734984904875,27,4,0,1,0,1,0,0,0,0,1
25,1,0,-0.3761558636039741,10,4,0,1,0,0,1,0,0,0,1
20,2,2,-0.3722569865169286,15,4,1,0,0,0,1,0,0,0,1
27,2,0,-0.3127105000965976,18,5,1,0,0,1,0,1,0,0,0
42,2,0,0.02117515590311564,12,4,0,1,0,1,0,0,0,0,1
37,2,4,1.4665952250823413,36,0,0,1,0,1,0,0,0,0,1
24,2,0,-0.9283786364782345,12,4,1,0,0,0,1,1,0,0,0
40,2,2,1.5619404920291808,36,4,1,0,0,1,0,0,0,0,1
46,2,0,-0.6834582667374681,6,1,0,1,0,1,0,0,0,1,0
26,2,1,-0.6696349752470342,24,0,0,1,0,1,0,1,0,0,0
24,2,4,-0.8496922079942256,15,2,1,0,0,1,0,0,0,0,1
29,1,0,0.1129759891344593,12,4,0,1,0,1,0,1,0,0,0
40,2,3,-0.6909015775400095,11,1,1,0,0,1,0,0,1,0,0
36,3,0,-0.47185557392236327,18,5,0,1,1,0,0,1,0,0,0
28,2,0,0.11474820599220725,36,5,0,1,0,1,0,0,0,0,1
27,3,0,-0.6554572403850506,9,1,0,1,1,0,0,1,0,0,0
36,2,4,1.2301814962587652,30,5,0,1,0,1,0,0,0,0,1
38,3,0,1.610144790559925,24,1,0,1,0,1,0,0,0,0,1
48,2,4,2.1286954431369742,24,1,0,1,1,0,0,0,0,0,1
36,2,4,-0.3864347213789122,30,1,0,1,0,1,0,0,1,0,0
65,0,0,-0.7702968927671175,18,5,1,0,0,1,0,0,0,0,1
43,2,0,0.27850104364811756,24,4,0,1,0,1,0,0,1,0,0
53,2,0,-0.8776932343466431,12,3,1,0,0,1,0,1,0,0,0
34,2,4,-0.1581731901009766,24,0,0,1,0,1,0,0,1,0,0
23,2,0,4.395360804196598,48,0,0,1,0,1,0,0,1,0,0
34,3,0,1.1848127447004178,36,1,0,1,0,1,0,0,0,0,1
40,2,4,1.6136892242754208,28,1,0,1,0,0,1,0,0,0,1
43,3,0,-0.29392500140446937,27,0,0,1,0,1,0,1,0,0,0
46,2,0,-0.5111987881643677,15,5,0,1,0,1,0,0,0,0,1
38,1,0,-0.3899791550944081,12,1,0,1,0,1,0,1,0,0,0
34,2,0,0.896295840259052,36,1,0,1,0,1,0,0,1,0,0
29,2,4,-0.7451314133870967,18,5,0,1,0,1,0,0,0,0,1
31,3,4,2.0117291305256098,36,1,0,1,0,1,0,0,0,0,1
28,3,0,-0.2357962884703367,21,5,1,0,0,0,1,1,0,0,0
35,2,3,-0.5952018672216204,12,4,1,0,0,1,0,0,0,0,1
33,1,4,-0.38466250452116424,15,4,1,0,0,0,1,0,0,0,1
42,2,0,0.3125276073168781,18,4,0,1,0,1,0,1,0,0,0
43,2,0,-0.2290618644108945,16,1,0,1,0,0,1,1,0,0,0
44,2,4,0.07575943512175241,20,1,0,1,0,1,0,0,0,0,1
42,2,4,2.5540274889964816,36,1,0,1,1,0,0,0,0,0,1
40,2,4,-0.6682172017608358,15,5,0,1,0,0,1,0,0,0,1
36,3,0,-0.7064970858881915,24,5,0,1,0,1,0,0,0,0,1
20,3,0,-0.7671069024231713,12,5,0,1,0,0,1,1,0,0,0
24,1,4,0.17429469241253828,21,1,0,1,0,1,0,1,0,0,0
27,2,4,0.15586363709195963,36,3,0,1,0,1,0,0,1,0,0
46,1,0,0.11439376262065766,15,1,1,0,0,1,0,0,0,0,1
33,1,4,-0.027029142627628525,9,1,1,0,0,1,0,0,1,0,0
34,2,0,0.41921506215330456,36,5,1,0,0,1,0,0,0,0,1
25,1,0,0.5191680929302888,24,4,1,0,0,1,0,0,1,0,0
25,2,4,-0.09933559042374476,30,5,1,0,0,1,0,0,1,0,0
28,2,3,-0.4002580128693462,11,0,0,1,0,1,0,0,0,0,1
31,2,0,-0.03908021726031456,24,0,0,1,0,0,1,1,0,0,0
32,3,0,5.370788962701069,48,7,1,0,0,1,0,0,1,0,0
32,2,1,-0.15002099255533605,10,1,0,1,0,1,0,0,0,0,1
68,3,0,4.1203127478741175,6,1,0,1,0,1,0,1,0,0,0
33,2,1,-0.32334380124308526,24,4,0,1,0,1,0,1,0,0,0
39,3,0,0.02613736310480989,24,4,0,1,0,0,1,1,0,0,0
28,2,0,-0.5154521086229628,18,4,1,0,0,1,0,0,0,0,1
37,3,2,3.359322829157149,48,5,0,1,0,1,0,0,0,0,1
22,2,0,-0.6753060691918276,9,5,1,0,0,0,1,1,0,0,0
30,2,0,-0.4498800848862887,12,1,0,1,0,0,1,0,1,0,0
55,2,0,1.276259134560212,24,4,0,1,0,1,0,1,0,0,0
46,2,0,-0.9124286847585029,12,1,0,1,0,1,0,1,0,0,0
21,2,0,-0.7876646179730474,18,4,1,0,0,0,1,1,0,0,0
39,2,0,2.4902276821175557,48,1,0,1,1,0,0,1,0,0,0
58,2,4,-0.49772994004548327,30,5,0,1,0,1,0,0,0,0,1
43,1,0,-0.6831038233659186,12,1,0,1,0,1,0,1,0,0,0
24,1,0,-0.540263144631434,24,4,0,1,0,1,0,1,0,0,0
22,2,0,-0.5675552842407524,9,5,1,0,0,1,0,0,1,0,0
30,2,0,-0.7256370279518692,9,1,0,1,0,1,0,0,0,0,1
42,2,2,-0.9744562747796811,12,5,0,1,0,1,0,0,0,0,1
23,2,0,-0.6285195441472817,12,5,1,0,0,1,0,1,0,0,0
30,3,1,-0.4792988847249046,30,5,0,1,0,1,0,0,1,0,0
28,1,0,-0.8954154029241226,9,5,1,0,0,1,0,0,0,1,0
30,3,0,-0.4282590392217637,6,5,0,1,0,0,1,0,1,0,0
42,2,0,1.0692642055752515,60,3,0,1,1,0,0,0,1,0,0
46,3,4,1.265625833413724,24,1,0,1,0,1,0,0,0,0,1
45,3,4,0.09064605672683516,12,1,0,1,0,1,0,0,0,0,1
31,1,0,-0.6115062623129015,10,1,0,1,0,1,0,0,0,0,1
31,2,4,-0.8301978225589982,24,4,0,1,0,1,0,0,0,0,1
42,1,0,-0.6437606091239141,4,1,0,1,0,1,0,0,0,0,1
46,2,0,-0.5055276942195742,15,4,1,0,0,0,1,1,0,0,0
30,2,2,1.8029619846829017,48,1,1,0,0,1,0,0,1,0,0
30,2,2,0.027555136591008247,24,4,0,1,1,0,0,1,0,0,0
38,3,4,-0.14612211546829057,12,1,0,1,0,1,0,0,0,0,1
43,1,0,-0.6161140261430461,18,4,0,1,0,1,0,0,0,0,1
31,2,1,0.12396373365249658,24,5,0,1,0,1,0,0,0,0,1
40,0,0,0.1129759891344593,18,0,0,1,0,1,0,0,1,0,0
24,2,0,-0.39919468275469744,36,0,0,1,0,1,0,1,0,0,0
28,2,2,0.2983498724548946,24,1,1,0,0,0,1,0,1,0,0
26,3,0,2.730185844656628,36,4,1,0,0,1,0,0,0,0,1
29,2,0,-0.48851441238519394,12,1,1,0,0,1,0,1,0,0,0
57,3,3,-0.7231559243510222,24,5,1,0,0,0,1,1,0,0,0
49,1,4,0.1363692516567322,30,5,0,1,0,1,0,0,0,1,0
37,1,0,-0.7504480639603406,9,5,0,1,0,1,0,0,1,0,0
45,1,0,0.2604244316990885,28,1,0,1,0,1,0,1,0,0,0
30,2,1,-0.07168900744287679,24,4,0,1,1,0,0,0,1,0,0
30,2,0,-0.5427442482322812,6,5,0,1,0,0,1,0,0,0,1
47,2,0,-0.32547046147238284,21,1,0,1,0,1,0,0,1,0,0
29,2,4,0.10092491450177327,15,1,0,1,0,1,0,0,0,0,1
35,2,2,-0.3098749531242009,24,5,0,1,0,1,0,0,0,0,1
22,1,0,-0.9985584240450531,6,6,0,1,0,1,0,0,1,0,0
26,2,4,-0.5516053325210208,30,5,1,0,0,1,0,0,1,0,0
23,1,2,-0.2662784184236014,27,5,0,1,0,1,0,0,1,0,0
54,3,0,0.10517823496036834,15,5,1,0,0,0,1,0,0,0,1
29,2,4,1.380465485795791,42,5,0,1,0,0,1,0,0,0,1
40,1,0,0.236676725805266,11,1,0,1,0,1,0,1,0,0,0
22,2,1,-0.6228484502024884,15,6,0,1,0,1,0,0,1,0,0
43,1,0,1.4609241311375478,24,1,0,1,0,1,0,0,0,0,1
29,0,0,-0.7366247724699065,24,1,1,0,0,0,1,1,0,0,0
36,2,0,1.4268975674687874,60,0,0,1,0,0,1,1,0,0,0
33,2,0,-0.15604652987167908,30,5,1,0,0,1,0,0,0,0,1
57,1,2,-0.7135859533191833,24,5,1,0,0,1,0,0,0,1,0
64,2,0,-0.892579855951726,6,5,1,0,0,1,0,0,1,0,0
42,2,4,-0.2992416519777132,18,0,0,1,0,1,0,0,1,0,0
47,1,0,-0.25989843773570875,24,1,0,1,0,1,0,0,0,0,1
25,2,1,-0.7114592930898858,15,1,0,1,0,0,1,0,1,0,0
49,2,0,1.8128863990862902,30,4,0,1,0,1,0,0,1,0,0
33,3,0,0.5574479770576445,48,0,0,1,0,0,1,0,0,0,1
28,3,1,-0.12343773968911685,21,1,1,0,0,1,0,0,0,1,0
26,2,0,1.7572387897530046,36,1,0,1,0,1,0,1,0,0,0
30,1,0,-0.4406645572259994,24,4,0,1,0,1,0,0,0,0,1
25,2,0,-0.6515583632980051,15,4,1,0,0,0,1,1,0,0,0
33,2,0,1.0696186489468011,42,0,0,1,0,1,0,0,0,1,0
64,2,1,-0.6600650042151952,13,5,1,0,0,1,0,0,0,0,1
29,3,0,1.172407226696182,24,1,0,1,1,0,0,1,0,0,0
48,1,0,-0.5416809181176324,24,5,0,1,0,1,0,0,1,0,0
37,1,4,0.10411490484571956,12,3,0,1,0,1,0,0,0,0,1
34,1,1,-0.603354064767261,15,5,0,1,0,1,0,0,0,0,1
23,1,4,-0.4732733474085616,18,5,0,1,0,0,1,1,0,0,0
30,3,0,0.2437655932362578,36,4,0,1,0,1,0,1,0,0,0
50,2,4,-0.312356056725048,12,1,0,1,0,1,0,0,0,0,1
31,1,0,-0.5441620217184795,12,4,1,0,0,1,0,0,0,0,1
40,3,0,0.20761236933819968,30,1,0,1,0,1,0,1,0,0,0
38,2,0,-0.8745032440026969,12,5,0,1,0,1,0,0,0,0,1
23,2,0,-0.5055276942195742,45,5,0,1,1,0,0,1,0,0,0
27,2,1,0.4624571534823545,45,1,0,1,0,1,0,0,1,0,0
