total_sales,lag_1,lag_2,lag_3,lag_4,lag_5,lag_6,lag_7,lag_8,lag_9,lag_10,lag_11,lag_12,lag_13,lag_14,lag_15,lag_16,lag_17,lag_18,lag_19,lag_20,lag_21,lag_22,lag_23,lag_24,lag_25,lag_26,lag_27,lag_28,lag_29,lag_30
32030000,0.0,0.0,0.0,0.0,0.0,0.0,0.0,0.0,0.0,0.0,0.0,0.0,0.0,0.0,0.0,0.0,0.0,0.0,0.0,0.0,0.0,0.0,0.0,0.0,0.0,0.0,0.0,0.0,0.0,0.0
0,32030000.0,0.0,0.0,0.0,0.0,0.0,0.0,0.0,0.0,0.0,0.0,0.0,0.0,0.0,0.0,0.0,0.0,0.0,0.0,0.0,0.0,0.0,0.0,0.0,0.0,0.0,0.0,0.0,0.0,0.0
180000,0.0,32030000.0,0.0,0.0,0.0,0.0,0.0,0.0,0.0,0.0,0.0,0.0,0.0,0.0,0.0,0.0,0.0,0.0,0.0,0.0,0.0,0.0,0.0,0.0,0.0,0.0,0.0,0.0,0.0,0.0
0,180000.0,0.0,32030000.0,0.0,0.0,0.0,0.0,0.0,0.0,0.0,0.0,0.0,0.0,0.0,0.0,0.0,0.0,0.0,0.0,0.0,0.0,0.0,0.0,0.0,0.0,0.0,0.0,0.0,0.0,0.0
0,0.0,180000.0,0.0,32030000.0,0.0,0.0,0.0,0.0,0.0,0.0,0.0,0.0,0.0,0.0,0.0,0.0,0.0,0.0,0.0,0.0,0.0,0.0,0.0,0.0,0.0,0.0,0.0,0.0,0.0,0.0
0,0.0,0.0,180000.0,0.0,32030000.0,0.0,0.0,0.0,0.0,0.0,0.0,0.0,0.0,0.0,0.0,0.0,0.0,0.0,0.0,0.0,0.0,0.0,0.0,0.0,0.0,0.0,0.0,0.0,0.0,0.0
0,0.0,0.0,0.0,180000.0,0.0,32030000.0,0.0,0.0,0.0,0.0,0.0,0.0,0.0,0.0,0.0,0.0,0.0,0.0,0.0,0.0,0.0,0.0,0.0,0.0,0.0,0.0,0.0,0.0,0.0,0.0
0,0.0,0.0,0.0,0.0,180000.0,0.0,32030000.0,0.0,0.0,0.0,0.0,0.0,0.0,0.0,0.0,0.0,0.0,0.0,0.0,0.0,0.0,0.0,0.0,0.0,0.0,0.0,0.0,0.0,0.0,0.0
0,0.0,0.0,0.0,0.0,0.0,180000.0,0.0,32030000.0,0.0,0.0,0.0,0.0,0.0,0.0,0.0,0.0,0.0,0.0,0.0,0.0,0.0,0.0,0.0,0.0,0.0,0.0,0.0,0.0,0.0,0.0
0,0.0,0.0,0.0,0.0,0.0,0.0,180000.0,0.0,32030000.0,0.0,0.0,0.0,0.0,0.0,0.0,0.0,0.0,0.0,0.0,0.0,0.0,0.0,0.0,0.0,0.0,0.0,0.0,0.0,0.0,0.0
0,0.0,0.0,0.0,0.0,0.0,0.0,0.0,180000.0,0.0,32030000.0,0.0,0.0,0.0,0.0,0.0,0.0,0.0,0.0,0.0,0.0,0.0,0.0,0.0,0.0,0.0,0.0,0.0,0.0,0.0,0.0
0,0.0,0.0,0.0,0.0,0.0,0.0,0.0,0.0,180000.0,0.0,32030000.0,0.0,0.0,0.0,0.0,0.0,0.0,0.0,0.0,0.0,0.0,0.0,0.0,0.0,0.0,0.0,0.0,0.0,0.0,0.0
0,0.0,0.0,0.0,0.0,0.0,0.0,0.0,0.0,0.0,180000.0,0.0,32030000.0,0.0,0.0,0.0,0.0,0.0,0.0,0.0,0.0,0.0,0.0,0.0,0.0,0.0,0.0,0.0,0.0,0.0,0.0
0,0.0,0.0,0.0,0.0,0.0,0.0,0.0,0.0,0.0,0.0,180000.0,0.0,32030000.0,0.0,0.0,0.0,0.0,0.0,0.0,0.0,0.0,0.0,0.0,0.0,0.0,0.0,0.0,0.0,0.0,0.0
0,0.0,0.0,0.0,0.0,0.0,0.0,0.0,0.0,0.0,0.0,0.0,180000.0,0.0,32030000.0,0.0,0.0,0.0,0.0,0.0,0.0,0.0,0.0,0.0,0.0,0.0,0.0,0.0,0.0,0.0,0.0
0,0.0,0.0,0.0,0.0,0.0,0.0,0.0,0.0,0.0,0.0,0.0,0.0,180000.0,0.0,32030000.0,0.0,0.0,0.0,0.0,0.0,0.0,0.0,0.0,0.0,0.0,0.0,0.0,0.0,0.0,0.0
0,0.0,0.0,0.0,0.0,0.0,0.0,0.0,0.0,0.0,0.0,0.0,0.0,0.0,180000.0,0.0,32030000.0,0.0,0.0,0.0,0.0,0.0,0.0,0.0,0.0,0.0,0.0,0.0,0.0,0.0,0.0
0,0.0,0.0,0.0,0.0,0.0,0.0,0.0,0.0,0.0,0.0,0.0,0.0,0.0,0.0,180000.0,0.0,32030000.0,0.0,0.0,0.0,0.0,0.0,0.0,0.0,0.0,0.0,0.0,0.0,0.0,0.0
0,0.0,0.0,0.0,0.0,0.0,0.0,0.0,0.0,0.0,0.0,0.0,0.0,0.0,0.0,0.0,180000.0,0.0,32030000.0,0.0,0.0,0.0,0.0,0.0,0.0,0.0,0.0,0.0,0.0,0.0,0.0
0,0.0,0.0,0.0,0.0,0.0,0.0,0.0,0.0,0.0,0.0,0.0,0.0,0.0,0.0,0.0,0.0,180000.0,0.0,32030000.0,0.0,0.0,0.0,0.0,0.0,0.0,0.0,0.0,0.0,0.0,0.0
0,0.0,0.0,0.0,0.0,0.0,0.0,0.0,0.0,0.0,0.0,0.0,0.0,0.0,0.0,0.0,0.0,0.0,180000.0,0.0,32030000.0,0.0,0.0,0.0,0.0,0.0,0.0,0.0,0.0,0.0,0.0
2202300484,0.0,0.0,0.0,0.0,0.0,0.0,0.0,0.0,0.0,0.0,0.0,0.0,0.0,0.0,0.0,0.0,0.0,0.0,180000.0,0.0,32030000.0,0.0,0.0,0.0,0.0,0.0,0.0,0.0,0.0,0.0
4479008974,2202300484.0,0.0,0.0,0.0,0.0,0.0,0.0,0.0,0.0,0.0,0.0,0.0,0.0,0.0,0.0,0.0,0.0,0.0,0.0,180000.0,0.0,32030000.0,0.0,0.0,0.0,0.0,0.0,0.0,0.0,0.0
5386645987,4479008974.0,2202300484.0,0.0,0.0,0.0,0.0,0.0,0.0,0.0,0.0,0.0,0.0,0.0,0.0,0.0,0.0,0.0,0.0,0.0,0.0,180000.0,0.0,32030000.0,0.0,0.0,0.0,0.0,0.0,0.0,0.0
3367302992,5386645987.0,4479008974.0,2202300484.0,0.0,0.0,0.0,0.0,0.0,0.0,0.0,0.0,0.0,0.0,0.0,0.0,0.0,0.0,0.0,0.0,0.0,0.0,180000.0,0.0,32030000.0,0.0,0.0,0.0,0.0,0.0,0.0
3298541496,3367302992.0,5386645987.0,4479008974.0,2202300484.0,0.0,0.0,0.0,0.0,0.0,0.0,0.0,0.0,0.0,0.0,0.0,0.0,0.0,0.0,0.0,0.0,0.0,0.0,180000.0,0.0,32030000.0,0.0,0.0,0.0,0.0,0.0
3232929498,3298541496.0,3367302992.0,5386645987.0,4479008974.0,2202300484.0,0.0,0.0,0.0,0.0,0.0,0.0,0.0,0.0,0.0,0.0,0.0,0.0,0.0,0.0,0.0,0.0,0.0,0.0,180000.0,0.0,32030000.0,0.0,0.0,0.0,0.0
259605000,3232929498.0,3298541496.0,3367302992.0,5386645987.0,4479008974.0,2202300484.0,0.0,0.0,0.0,0.0,0.0,0.0,0.0,0.0,0.0,0.0,0.0,0.0,0.0,0.0,0.0,0.0,0.0,0.0,180000.0,0.0,32030000.0,0.0,0.0,0.0
5901486491,259605000.0,3232929498.0,3298541496.0,3367302992.0,5386645987.0,4479008974.0,2202300484.0,0.0,0.0,0.0,0.0,0.0,0.0,0.0,0.0,0.0,0.0,0.0,0.0,0.0,0.0,0.0,0.0,0.0,0.0,180000.0,0.0,32030000.0,0.0,0.0
9916534482,5901486491.0,259605000.0,3232929498.0,3298541496.0,3367302992.0,5386645987.0,4479008974.0,2202300484.0,0.0,0.0,0.0,0.0,0.0,0.0,0.0,0.0,0.0,0.0,0.0,0.0,0.0,0.0,0.0,0.0,0.0,0.0,180000.0,0.0,32030000.0,0.0
12527888982,9916534482.0,5901486491.0,259605000.0,3232929498.0,3298541496.0,3367302992.0,5386645987.0,4479008974.0,2202300484.0,0.0,0.0,0.0,0.0,0.0,0.0,0.0,0.0,0.0,0.0,0.0,0.0,0.0,0.0,0.0,0.0,0.0,0.0,180000.0,0.0,32030000.0
14428049975,12527888982.0,9916534482.0,5901486491.0,259605000.0,3232929498.0,3298541496.0,3367302992.0,5386645987.0,4479008974.0,2202300484.0,0.0,0.0,0.0,0.0,0.0,0.0,0.0,0.0,0.0,0.0,0.0,0.0,0.0,0.0,0.0,0.0,0.0,0.0,180000.0,0.0
14290978484,14428049975.0,12527888982.0,9916534482.0,5901486491.0,259605000.0,3232929498.0,3298541496.0,3367302992.0,5386645987.0,4479008974.0,2202300484.0,0.0,0.0,0.0,0.0,0.0,0.0,0.0,0.0,0.0,0.0,0.0,0.0,0.0,0.0,0.0,0.0,0.0,0.0,180000.0
15081322476,14290978484.0,14428049975.0,12527888982.0,9916534482.0,5901486491.0,259605000.0,3232929498.0,3298541496.0,3367302992.0,5386645987.0,4479008974.0,2202300484.0,0.0,0.0,0.0,0.0,0.0,0.0,0.0,0.0,0.0,0.0,0.0,0.0,0.0,0.0,0.0,0.0,0.0,0.0
21319389499,15081322476.0,14290978484.0,14428049975.0,12527888982.0,9916534482.0,5901486491.0,259605000.0,3232929498.0,3298541496.0,3367302992.0,5386645987.0,4479008974.0,2202300484.0,0.0,0.0,0.0,0.0,0.0,0.0,0.0,0.0,0.0,0.0,0.0,0.0,0.0,0.0,0.0,0.0,0.0
18384097973,21319389499.0,15081322476.0,14290978484.0,14428049975.0,12527888982.0,9916534482.0,5901486491.0,259605000.0,3232929498.0,3298541496.0,3367302992.0,5386645987.0,4479008974.0,2202300484.0,0.0,0.0,0.0,0.0,0.0,0.0,0.0,0.0,0.0,0.0,0.0,0.0,0.0,0.0,0.0,0.0
17991448474,18384097973.0,21319389499.0,15081322476.0,14290978484.0,14428049975.0,12527888982.0,9916534482.0,5901486491.0,259605000.0,3232929498.0,3298541496.0,3367302992.0,5386645987.0,4479008974.0,2202300484.0,0.0,0.0,0.0,0.0,0.0,0.0,0.0,0.0,0.0,0.0,0.0,0.0,0.0,0.0,0.0
19260582990,17991448474.0,18384097973.0,21319389499.0,15081322476.0,14290978484.0,14428049975.0,12527888982.0,9916534482.0,5901486491.0,259605000.0,3232929498.0,3298541496.0,3367302992.0,5386645987.0,4479008974.0,2202300484.0,0.0,0.0,0.0,0.0,0.0,0.0,0.0,0.0,0.0,0.0,0.0,0.0,0.0,0.0
19175261481,19260582990.0,17991448474.0,18384097973.0,21319389499.0,15081322476.0,14290978484.0,14428049975.0,12527888982.0,9916534482.0,5901486491.0,259605000.0,3232929498.0,3298541496.0,3367302992.0,5386645987.0,4479008974.0,2202300484.0,0.0,0.0,0.0,0.0,0.0,0.0,0.0,0.0,0.0,0.0,0.0,0.0,0.0
21054943500,19175261481.0,19260582990.0,17991448474.0,18384097973.0,21319389499.0,15081322476.0,14290978484.0,14428049975.0,12527888982.0,9916534482.0,5901486491.0,259605000.0,3232929498.0,3298541496.0,3367302992.0,5386645987.0,4479008974.0,2202300484.0,0.0,0.0,0.0,0.0,0.0,0.0,0.0,0.0,0.0,0.0,0.0,0.0
9515546000,21054943500.0,19175261481.0,19260582990.0,17991448474.0,18384097973.0,21319389499.0,15081322476.0,14290978484.0,14428049975.0,12527888982.0,9916534482.0,5901486491.0,259605000.0,3232929498.0,3298541496.0,3367302992.0,5386645987.0,4479008974.0,2202300484.0,0.0,0.0,0.0,0.0,0.0,0.0,0.0,0.0,0.0,0.0,0.0
13271113984,9515546000.0,21054943500.0,19175261481.0,19260582990.0,17991448474.0,18384097973.0,21319389499.0,15081322476.0,14290978484.0,14428049975.0,12527888982.0,9916534482.0,5901486491.0,259605000.0,3232929498.0,3298541496.0,3367302992.0,5386645987.0,4479008974.0,2202300484.0,0.0,0.0,0.0,0.0,0.0,0.0,0.0,0.0,0.0,0.0
12364339996,13271113984.0,9515546000.0,21054943500.0,19175261481.0,19260582990.0,17991448474.0,18384097973.0,21319389499.0,15081322476.0,14290978484.0,14428049975.0,12527888982.0,9916534482.0,5901486491.0,259605000.0,3232929498.0,3298541496.0,3367302992.0,5386645987.0,4479008974.0,2202300484.0,0.0,0.0,0.0,0.0,0.0,0.0,0.0,0.0,0.0
17000424447,12364339996.0,13271113984.0,9515546000.0,21054943500.0,19175261481.0,19260582990.0,17991448474.0,18384097973.0,21319389499.0,15081322476.0,14290978484.0,14428049975.0,12527888982.0,9916534482.0,5901486491.0,259605000.0,3232929498.0,3298541496.0,3367302992.0,5386645987.0,4479008974.0,2202300484.0,0.0,0.0,0.0,0.0,0.0,0.0,0.0,0.0
18017097466,17000424447.0,12364339996.0,13271113984.0,9515546000.0,21054943500.0,19175261481.0,19260582990.0,17991448474.0,18384097973.0,21319389499.0,15081322476.0,14290978484.0,14428049975.0,12527888982.0,9916534482.0,5901486491.0,259605000.0,3232929498.0,3298541496.0,3367302992.0,5386645987.0,4479008974.0,2202300484.0,0.0,0.0,0.0,0.0,0.0,0.0,0.0
6555139494,18017097466.0,17000424447.0,12364339996.0,13271113984.0,9515546000.0,21054943500.0,19175261481.0,19260582990.0,17991448474.0,18384097973.0,21319389499.0,15081322476.0,14290978484.0,14428049975.0,12527888982.0,9916534482.0,5901486491.0,259605000.0,3232929498.0,3298541496.0,3367302992.0,5386645987.0,4479008974.0,2202300484.0,0.0,0.0,0.0,0.0,0.0,0.0
6357750493,6555139494.0,18017097466.0,17000424447.0,12364339996.0,13271113984.0,9515546000.0,21054943500.0,19175261481.0,19260582990.0,17991448474.0,18384097973.0,21319389499.0,15081322476.0,14290978484.0,14428049975.0,12527888982.0,9916534482.0,5901486491.0,259605000.0,3232929498.0,3298541496.0,3367302992.0,5386645987.0,4479008974.0,2202300484.0,0.0,0.0,0.0,0.0,0.0
6716628994,6357750493.0,6555139494.0,18017097466.0,17000424447.0,12364339996.0,13271113984.0,9515546000.0,21054943500.0,19175261481.0,19260582990.0,17991448474.0,18384097973.0,21319389499.0,15081322476.0,14290978484.0,14428049975.0,12527888982.0,9916534482.0,5901486491.0,259605000.0,3232929498.0,3298541496.0,3367302992.0,5386645987.0,4479008974.0,2202300484.0,0.0,0.0,0.0,0.0
15166529992,6716628994.0,6357750493.0,6555139494.0,18017097466.0,17000424447.0,12364339996.0,13271113984.0,9515546000.0,21054943500.0,19175261481.0,19260582990.0,17991448474.0,18384097973.0,21319389499.0,15081322476.0,14290978484.0,14428049975.0,12527888982.0,9916534482.0,5901486491.0,259605000.0,3232929498.0,3298541496.0,3367302992.0,5386645987.0,4479008974.0,2202300484.0,0.0,0.0,0.0
10357603980,15166529992.0,6716628994.0,6357750493.0,6555139494.0,18017097466.0,17000424447.0,12364339996.0,13271113984.0,9515546000.0,21054943500.0,19175261481.0,19260582990.0,17991448474.0,18384097973.0,21319389499.0,15081322476.0,14290978484.0,14428049975.0,12527888982.0,9916534482.0,5901486491.0,259605000.0,3232929498.0,3298541496.0,3367302992.0,5386645987.0,4479008974.0,2202300484.0,0.0,0.0
15589092969,10357603980.0,15166529992.0,6716628994.0,6357750493.0,6555139494.0,18017097466.0,17000424447.0,12364339996.0,13271113984.0,9515546000.0,21054943500.0,19175261481.0,19260582990.0,17991448474.0,18384097973.0,21319389499.0,15081322476.0,14290978484.0,14428049975.0,12527888982.0,9916534482.0,5901486491.0,259605000.0,3232929498.0,3298541496.0,3367302992.0,5386645987.0,4479008974.0,2202300484.0,0.0
19760463948,15589092969.0,10357603980.0,15166529992.0,6716628994.0,6357750493.0,6555139494.0,18017097466.0,17000424447.0,12364339996.0,13271113984.0,9515546000.0,21054943500.0,19175261481.0,19260582990.0,17991448474.0,18384097973.0,21319389499.0,15081322476.0,14290978484.0,14428049975.0,12527888982.0,9916534482.0,5901486491.0,259605000.0,3232929498.0,3298541496.0,3367302992.0,5386645987.0,4479008974.0,2202300484.0
17076868471,19760463948.0,15589092969.0,10357603980.0,15166529992.0,6716628994.0,6357750493.0,6555139494.0,18017097466.0,17000424447.0,12364339996.0,13271113984.0,9515546000.0,21054943500.0,19175261481.0,19260582990.0,17991448474.0,18384097973.0,21319389499.0,15081322476.0,14290978484.0,14428049975.0,12527888982.0,9916534482.0,5901486491.0,259605000.0,3232929498.0,3298541496.0,3367302992.0,5386645987.0,4479008974.0
5872926999,17076868471.0,19760463948.0,15589092969.0,10357603980.0,15166529992.0,6716628994.0,6357750493.0,6555139494.0,18017097466.0,17000424447.0,12364339996.0,13271113984.0,9515546000.0,21054943500.0,19175261481.0,19260582990.0,17991448474.0,18384097973.0,21319389499.0,15081322476.0,14290978484.0,14428049975.0,12527888982.0,9916534482.0,5901486491.0,259605000.0,3232929498.0,3298541496.0,3367302992.0,5386645987.0
5558456492,5872926999.0,17076868471.0,19760463948.0,15589092969.0,10357603980.0,15166529992.0,6716628994.0,6357750493.0,6555139494.0,18017097466.0,17000424447.0,12364339996.0,13271113984.0,9515546000.0,21054943500.0,19175261481.0,19260582990.0,17991448474.0,18384097973.0,21319389499.0,15081322476.0,14290978484.0,14428049975.0,12527888982.0,9916534482.0,5901486491.0,259605000.0,3232929498.0,3298541496.0,3367302992.0
14165408990,5558456492.0,5872926999.0,17076868471.0,19760463948.0,15589092969.0,10357603980.0,15166529992.0,6716628994.0,6357750493.0,6555139494.0,18017097466.0,17000424447.0,12364339996.0,13271113984.0,9515546000.0,21054943500.0,19175261481.0,19260582990.0,17991448474.0,18384097973.0,21319389499.0,15081322476.0,14290978484.0,14428049975.0,12527888982.0,9916534482.0,5901486491.0,259605000.0,3232929498.0,3298541496.0
10502966975,14165408990.0,5558456492.0,5872926999.0,17076868471.0,19760463948.0,15589092969.0,10357603980.0,15166529992.0,6716628994.0,6357750493.0,6555139494.0,18017097466.0,17000424447.0,12364339996.0,13271113984.0,9515546000.0,21054943500.0,19175261481.0,19260582990.0,17991448474.0,18384097973.0,21319389499.0,15081322476.0,14290978484.0,14428049975.0,12527888982.0,9916534482.0,5901486491.0,259605000.0,3232929498.0
15503634985,10502966975.0,14165408990.0,5558456492.0,5872926999.0,17076868471.0,19760463948.0,15589092969.0,10357603980.0,15166529992.0,6716628994.0,6357750493.0,6555139494.0,18017097466.0,17000424447.0,12364339996.0,13271113984.0,9515546000.0,21054943500.0,19175261481.0,19260582990.0,17991448474.0,18384097973.0,21319389499.0,15081322476.0,14290978484.0,14428049975.0,12527888982.0,9916534482.0,5901486491.0,259605000.0
17143969966,15503634985.0,10502966975.0,14165408990.0,5558456492.0,5872926999.0,17076868471.0,19760463948.0,15589092969.0,10357603980.0,15166529992.0,6716628994.0,6357750493.0,6555139494.0,18017097466.0,17000424447.0,12364339996.0,13271113984.0,9515546000.0,21054943500.0,19175261481.0,19260582990.0,17991448474.0,18384097973.0,21319389499.0,15081322476.0,14290978484.0,14428049975.0,12527888982.0,9916534482.0,5901486491.0
6312409990,17143969966.0,15503634985.0,10502966975.0,14165408990.0,5558456492.0,5872926999.0,17076868471.0,19760463948.0,15589092969.0,10357603980.0,15166529992.0,6716628994.0,6357750493.0,6555139494.0,18017097466.0,17000424447.0,12364339996.0,13271113984.0,9515546000.0,21054943500.0,19175261481.0,19260582990.0,17991448474.0,18384097973.0,21319389499.0,15081322476.0,14290978484.0,14428049975.0,12527888982.0,9916534482.0
6124909993,6312409990.0,17143969966.0,15503634985.0,10502966975.0,14165408990.0,5558456492.0,5872926999.0,17076868471.0,19760463948.0,15589092969.0,10357603980.0,15166529992.0,6716628994.0,6357750493.0,6555139494.0,18017097466.0,17000424447.0,12364339996.0,13271113984.0,9515546000.0,21054943500.0,19175261481.0,19260582990.0,17991448474.0,18384097973.0,21319389499.0,15081322476.0,14290978484.0,14428049975.0,12527888982.0
6179329991,6124909993.0,6312409990.0,17143969966.0,15503634985.0,10502966975.0,14165408990.0,5558456492.0,5872926999.0,17076868471.0,19760463948.0,15589092969.0,10357603980.0,15166529992.0,6716628994.0,6357750493.0,6555139494.0,18017097466.0,17000424447.0,12364339996.0,13271113984.0,9515546000.0,21054943500.0,19175261481.0,19260582990.0,17991448474.0,18384097973.0,21319389499.0,15081322476.0,14290978484.0,14428049975.0
14682769986,6179329991.0,6124909993.0,6312409990.0,17143969966.0,15503634985.0,10502966975.0,14165408990.0,5558456492.0,5872926999.0,17076868471.0,19760463948.0,15589092969.0,10357603980.0,15166529992.0,6716628994.0,6357750493.0,6555139494.0,18017097466.0,17000424447.0,12364339996.0,13271113984.0,9515546000.0,21054943500.0,19175261481.0,19260582990.0,17991448474.0,18384097973.0,21319389499.0,15081322476.0,14290978484.0
9541204985,14682769986.0,6179329991.0,6124909993.0,6312409990.0,17143969966.0,15503634985.0,10502966975.0,14165408990.0,5558456492.0,5872926999.0,17076868471.0,19760463948.0,15589092969.0,10357603980.0,15166529992.0,6716628994.0,6357750493.0,6555139494.0,18017097466.0,17000424447.0,12364339996.0,13271113984.0,9515546000.0,21054943500.0,19175261481.0,19260582990.0,17991448474.0,18384097973.0,21319389499.0,15081322476.0
15248135965,9541204985.0,14682769986.0,6179329991.0,6124909993.0,6312409990.0,17143969966.0,15503634985.0,10502966975.0,14165408990.0,5558456492.0,5872926999.0,17076868471.0,19760463948.0,15589092969.0,10357603980.0,15166529992.0,6716628994.0,6357750493.0,6555139494.0,18017097466.0,17000424447.0,12364339996.0,13271113984.0,9515546000.0,21054943500.0,19175261481.0,19260582990.0,17991448474.0,18384097973.0,21319389499.0
16165939966,15248135965.0,9541204985.0,14682769986.0,6179329991.0,6124909993.0,6312409990.0,17143969966.0,15503634985.0,10502966975.0,14165408990.0,5558456492.0,5872926999.0,17076868471.0,19760463948.0,15589092969.0,10357603980.0,15166529992.0,6716628994.0,6357750493.0,6555139494.0,18017097466.0,17000424447.0,12364339996.0,13271113984.0,9515546000.0,21054943500.0,19175261481.0,19260582990.0,17991448474.0,18384097973.0
6048544996,16165939966.0,15248135965.0,9541204985.0,14682769986.0,6179329991.0,6124909993.0,6312409990.0,17143969966.0,15503634985.0,10502966975.0,14165408990.0,5558456492.0,5872926999.0,17076868471.0,19760463948.0,15589092969.0,10357603980.0,15166529992.0,6716628994.0,6357750493.0,6555139494.0,18017097466.0,17000424447.0,12364339996.0,13271113984.0,9515546000.0,21054943500.0,19175261481.0,19260582990.0,17991448474.0
5880514998,6048544996.0,16165939966.0,15248135965.0,9541204985.0,14682769986.0,6179329991.0,6124909993.0,6312409990.0,17143969966.0,15503634985.0,10502966975.0,14165408990.0,5558456492.0,5872926999.0,17076868471.0,19760463948.0,15589092969.0,10357603980.0,15166529992.0,6716628994.0,6357750493.0,6555139494.0,18017097466.0,17000424447.0,12364339996.0,13271113984.0,9515546000.0,21054943500.0,19175261481.0,19260582990.0
4879994996,5880514998.0,6048544996.0,16165939966.0,15248135965.0,9541204985.0,14682769986.0,6179329991.0,6124909993.0,6312409990.0,17143969966.0,15503634985.0,10502966975.0,14165408990.0,5558456492.0,5872926999.0,17076868471.0,19760463948.0,15589092969.0,10357603980.0,15166529992.0,6716628994.0,6357750493.0,6555139494.0,18017097466.0,17000424447.0,12364339996.0,13271113984.0,9515546000.0,21054943500.0,19175261481.0
12767464997,4879994996.0,5880514998.0,6048544996.0,16165939966.0,15248135965.0,9541204985.0,14682769986.0,6179329991.0,6124909993.0,6312409990.0,17143969966.0,15503634985.0,10502966975.0,14165408990.0,5558456492.0,5872926999.0,17076868471.0,19760463948.0,15589092969.0,10357603980.0,15166529992.0,6716628994.0,6357750493.0,6555139494.0,18017097466.0,17000424447.0,12364339996.0,13271113984.0,9515546000.0,21054943500.0
15439305219,12767464997.0,4879994996.0,5880514998.0,6048544996.0,16165939966.0,15248135965.0,9541204985.0,14682769986.0,6179329991.0,6124909993.0,6312409990.0,17143969966.0,15503634985.0,10502966975.0,14165408990.0,5558456492.0,5872926999.0,17076868471.0,19760463948.0,15589092969.0,10357603980.0,15166529992.0,6716628994.0,6357750493.0,6555139494.0,18017097466.0,17000424447.0,12364339996.0,13271113984.0,9515546000.0
14267975253,15439305219.0,12767464997.0,4879994996.0,5880514998.0,6048544996.0,16165939966.0,15248135965.0,9541204985.0,14682769986.0,6179329991.0,6124909993.0,6312409990.0,17143969966.0,15503634985.0,10502966975.0,14165408990.0,5558456492.0,5872926999.0,17076868471.0,19760463948.0,15589092969.0,10357603980.0,15166529992.0,6716628994.0,6357750493.0,6555139494.0,18017097466.0,17000424447.0,12364339996.0,13271113984.0
14782460000,14267975253.0,15439305219.0,12767464997.0,4879994996.0,5880514998.0,6048544996.0,16165939966.0,15248135965.0,9541204985.0,14682769986.0,6179329991.0,6124909993.0,6312409990.0,17143969966.0,15503634985.0,10502966975.0,14165408990.0,5558456492.0,5872926999.0,17076868471.0,19760463948.0,15589092969.0,10357603980.0,15166529992.0,6716628994.0,6357750493.0,6555139494.0,18017097466.0,17000424447.0,12364339996.0
5160744997,14782460000.0,14267975253.0,15439305219.0,12767464997.0,4879994996.0,5880514998.0,6048544996.0,16165939966.0,15248135965.0,9541204985.0,14682769986.0,6179329991.0,6124909993.0,6312409990.0,17143969966.0,15503634985.0,10502966975.0,14165408990.0,5558456492.0,5872926999.0,17076868471.0,19760463948.0,15589092969.0,10357603980.0,15166529992.0,6716628994.0,6357750493.0,6555139494.0,18017097466.0,17000424447.0
4885784998,5160744997.0,14782460000.0,14267975253.0,15439305219.0,12767464997.0,4879994996.0,5880514998.0,6048544996.0,16165939966.0,15248135965.0,9541204985.0,14682769986.0,6179329991.0,6124909993.0,6312409990.0,17143969966.0,15503634985.0,10502966975.0,14165408990.0,5558456492.0,5872926999.0,17076868471.0,19760463948.0,15589092969.0,10357603980.0,15166529992.0,6716628994.0,6357750493.0,6555139494.0,18017097466.0
4945088994,4885784998.0,5160744997.0,14782460000.0,14267975253.0,15439305219.0,12767464997.0,4879994996.0,5880514998.0,6048544996.0,16165939966.0,15248135965.0,9541204985.0,14682769986.0,6179329991.0,6124909993.0,6312409990.0,17143969966.0,15503634985.0,10502966975.0,14165408990.0,5558456492.0,5872926999.0,17076868471.0,19760463948.0,15589092969.0,10357603980.0,15166529992.0,6716628994.0,6357750493.0,6555139494.0
12224339997,4945088994.0,4885784998.0,5160744997.0,14782460000.0,14267975253.0,15439305219.0,12767464997.0,4879994996.0,5880514998.0,6048544996.0,16165939966.0,15248135965.0,9541204985.0,14682769986.0,6179329991.0,6124909993.0,6312409990.0,17143969966.0,15503634985.0,10502966975.0,14165408990.0,5558456492.0,5872926999.0,17076868471.0,19760463948.0,15589092969.0,10357603980.0,15166529992.0,6716628994.0,6357750493.0
6954769992,12224339997.0,4945088994.0,4885784998.0,5160744997.0,14782460000.0,14267975253.0,15439305219.0,12767464997.0,4879994996.0,5880514998.0,6048544996.0,16165939966.0,15248135965.0,9541204985.0,14682769986.0,6179329991.0,6124909993.0,6312409990.0,17143969966.0,15503634985.0,10502966975.0,14165408990.0,5558456492.0,5872926999.0,17076868471.0,19760463948.0,15589092969.0,10357603980.0,15166529992.0,6716628994.0
12111469981,6954769992.0,12224339997.0,4945088994.0,4885784998.0,5160744997.0,14782460000.0,14267975253.0,15439305219.0,12767464997.0,4879994996.0,5880514998.0,6048544996.0,16165939966.0,15248135965.0,9541204985.0,14682769986.0,6179329991.0,6124909993.0,6312409990.0,17143969966.0,15503634985.0,10502966975.0,14165408990.0,5558456492.0,5872926999.0,17076868471.0,19760463948.0,15589092969.0,10357603980.0,15166529992.0
13925444994,12111469981.0,6954769992.0,12224339997.0,4945088994.0,4885784998.0,5160744997.0,14782460000.0,14267975253.0,15439305219.0,12767464997.0,4879994996.0,5880514998.0,6048544996.0,16165939966.0,15248135965.0,9541204985.0,14682769986.0,6179329991.0,6124909993.0,6312409990.0,17143969966.0,15503634985.0,10502966975.0,14165408990.0,5558456492.0,5872926999.0,17076868471.0,19760463948.0,15589092969.0,10357603980.0
5071305000,13925444994.0,12111469981.0,6954769992.0,12224339997.0,4945088994.0,4885784998.0,5160744997.0,14782460000.0,14267975253.0,15439305219.0,12767464997.0,4879994996.0,5880514998.0,6048544996.0,16165939966.0,15248135965.0,9541204985.0,14682769986.0,6179329991.0,6124909993.0,6312409990.0,17143969966.0,15503634985.0,10502966975.0,14165408990.0,5558456492.0,5872926999.0,17076868471.0,19760463948.0,15589092969.0
4777905000,5071305000.0,13925444994.0,12111469981.0,6954769992.0,12224339997.0,4945088994.0,4885784998.0,5160744997.0,14782460000.0,14267975253.0,15439305219.0,12767464997.0,4879994996.0,5880514998.0,6048544996.0,16165939966.0,15248135965.0,9541204985.0,14682769986.0,6179329991.0,6124909993.0,6312409990.0,17143969966.0,15503634985.0,10502966975.0,14165408990.0,5558456492.0,5872926999.0,17076868471.0,19760463948.0
4311504998,4777905000.0,5071305000.0,13925444994.0,12111469981.0,6954769992.0,12224339997.0,4945088994.0,4885784998.0,5160744997.0,14782460000.0,14267975253.0,15439305219.0,12767464997.0,4879994996.0,5880514998.0,6048544996.0,16165939966.0,15248135965.0,9541204985.0,14682769986.0,6179329991.0,6124909993.0,6312409990.0,17143969966.0,15503634985.0,10502966975.0,14165408990.0,5558456492.0,5872926999.0,17076868471.0
11551654993,4311504998.0,4777905000.0,5071305000.0,13925444994.0,12111469981.0,6954769992.0,12224339997.0,4945088994.0,4885784998.0,5160744997.0,14782460000.0,14267975253.0,15439305219.0,12767464997.0,4879994996.0,5880514998.0,6048544996.0,16165939966.0,15248135965.0,9541204985.0,14682769986.0,6179329991.0,6124909993.0,6312409990.0,17143969966.0,15503634985.0,10502966975.0,14165408990.0,5558456492.0,5872926999.0
6722449991,11551654993.0,4311504998.0,4777905000.0,5071305000.0,13925444994.0,12111469981.0,6954769992.0,12224339997.0,4945088994.0,4885784998.0,5160744997.0,14782460000.0,14267975253.0,15439305219.0,12767464997.0,4879994996.0,5880514998.0,6048544996.0,16165939966.0,15248135965.0,9541204985.0,14682769986.0,6179329991.0,6124909993.0,6312409990.0,17143969966.0,15503634985.0,10502966975.0,14165408990.0,5558456492.0
8227159992,6722449991.0,11551654993.0,4311504998.0,4777905000.0,5071305000.0,13925444994.0,12111469981.0,6954769992.0,12224339997.0,4945088994.0,4885784998.0,5160744997.0,14782460000.0,14267975253.0,15439305219.0,12767464997.0,4879994996.0,5880514998.0,6048544996.0,16165939966.0,15248135965.0,9541204985.0,14682769986.0,6179329991.0,6124909993.0,6312409990.0,17143969966.0,15503634985.0,10502966975.0,14165408990.0
9881376989,8227159992.0,6722449991.0,11551654993.0,4311504998.0,4777905000.0,5071305000.0,13925444994.0,12111469981.0,6954769992.0,12224339997.0,4945088994.0,4885784998.0,5160744997.0,14782460000.0,14267975253.0,15439305219.0,12767464997.0,4879994996.0,5880514998.0,6048544996.0,16165939966.0,15248135965.0,9541204985.0,14682769986.0,6179329991.0,6124909993.0,6312409990.0,17143969966.0,15503634985.0,10502966975.0
3983179998,9881376989.0,8227159992.0,6722449991.0,11551654993.0,4311504998.0,4777905000.0,5071305000.0,13925444994.0,12111469981.0,6954769992.0,12224339997.0,4945088994.0,4885784998.0,5160744997.0,14782460000.0,14267975253.0,15439305219.0,12767464997.0,4879994996.0,5880514998.0,6048544996.0,16165939966.0,15248135965.0,9541204985.0,14682769986.0,6179329991.0,6124909993.0,6312409990.0,17143969966.0,15503634985.0
4081944990,3983179998.0,9881376989.0,8227159992.0,6722449991.0,11551654993.0,4311504998.0,4777905000.0,5071305000.0,13925444994.0,12111469981.0,6954769992.0,12224339997.0,4945088994.0,4885784998.0,5160744997.0,14782460000.0,14267975253.0,15439305219.0,12767464997.0,4879994996.0,5880514998.0,6048544996.0,16165939966.0,15248135965.0,9541204985.0,14682769986.0,6179329991.0,6124909993.0,6312409990.0,17143969966.0
3931930000,4081944990.0,3983179998.0,9881376989.0,8227159992.0,6722449991.0,11551654993.0,4311504998.0,4777905000.0,5071305000.0,13925444994.0,12111469981.0,6954769992.0,12224339997.0,4945088994.0,4885784998.0,5160744997.0,14782460000.0,14267975253.0,15439305219.0,12767464997.0,4879994996.0,5880514998.0,6048544996.0,16165939966.0,15248135965.0,9541204985.0,14682769986.0,6179329991.0,6124909993.0,6312409990.0
8897314988,3931930000.0,4081944990.0,3983179998.0,9881376989.0,8227159992.0,6722449991.0,11551654993.0,4311504998.0,4777905000.0,5071305000.0,13925444994.0,12111469981.0,6954769992.0,12224339997.0,4945088994.0,4885784998.0,5160744997.0,14782460000.0,14267975253.0,15439305219.0,12767464997.0,4879994996.0,5880514998.0,6048544996.0,16165939966.0,15248135965.0,9541204985.0,14682769986.0,6179329991.0,6124909993.0
5436709994,8897314988.0,3931930000.0,4081944990.0,3983179998.0,9881376989.0,8227159992.0,6722449991.0,11551654993.0,4311504998.0,4777905000.0,5071305000.0,13925444994.0,12111469981.0,6954769992.0,12224339997.0,4945088994.0,4885784998.0,5160744997.0,14782460000.0,14267975253.0,15439305219.0,12767464997.0,4879994996.0,5880514998.0,6048544996.0,16165939966.0,15248135965.0,9541204985.0,14682769986.0,6179329991.0
8200559996,5436709994.0,8897314988.0,3931930000.0,4081944990.0,3983179998.0,9881376989.0,8227159992.0,6722449991.0,11551654993.0,4311504998.0,4777905000.0,5071305000.0,13925444994.0,12111469981.0,6954769992.0,12224339997.0,4945088994.0,4885784998.0,5160744997.0,14782460000.0,14267975253.0,15439305219.0,12767464997.0,4879994996.0,5880514998.0,6048544996.0,16165939966.0,15248135965.0,9541204985.0,14682769986.0
8600284987,8200559996.0,5436709994.0,8897314988.0,3931930000.0,4081944990.0,3983179998.0,9881376989.0,8227159992.0,6722449991.0,11551654993.0,4311504998.0,4777905000.0,5071305000.0,13925444994.0,12111469981.0,6954769992.0,12224339997.0,4945088994.0,4885784998.0,5160744997.0,14782460000.0,14267975253.0,15439305219.0,12767464997.0,4879994996.0,5880514998.0,6048544996.0,16165939966.0,15248135965.0,9541204985.0
3638441997,8600284987.0,8200559996.0,5436709994.0,8897314988.0,3931930000.0,4081944990.0,3983179998.0,9881376989.0,8227159992.0,6722449991.0,11551654993.0,4311504998.0,4777905000.0,5071305000.0,13925444994.0,12111469981.0,6954769992.0,12224339997.0,4945088994.0,4885784998.0,5160744997.0,14782460000.0,14267975253.0,15439305219.0,12767464997.0,4879994996.0,5880514998.0,6048544996.0,16165939966.0,15248135965.0
3467414999,3638441997.0,8600284987.0,8200559996.0,5436709994.0,8897314988.0,3931930000.0,4081944990.0,3983179998.0,9881376989.0,8227159992.0,6722449991.0,11551654993.0,4311504998.0,4777905000.0,5071305000.0,13925444994.0,12111469981.0,6954769992.0,12224339997.0,4945088994.0,4885784998.0,5160744997.0,14782460000.0,14267975253.0,15439305219.0,12767464997.0,4879994996.0,5880514998.0,6048544996.0,16165939966.0
3522814991,3467414999.0,3638441997.0,8600284987.0,8200559996.0,5436709994.0,8897314988.0,3931930000.0,4081944990.0,3983179998.0,9881376989.0,8227159992.0,6722449991.0,11551654993.0,4311504998.0,4777905000.0,5071305000.0,13925444994.0,12111469981.0,6954769992.0,12224339997.0,4945088994.0,4885784998.0,5160744997.0,14782460000.0,14267975253.0,15439305219.0,12767464997.0,4879994996.0,5880514998.0,6048544996.0
7313715000,3522814991.0,3467414999.0,3638441997.0,8600284987.0,8200559996.0,5436709994.0,8897314988.0,3931930000.0,4081944990.0,3983179998.0,9881376989.0,8227159992.0,6722449991.0,11551654993.0,4311504998.0,4777905000.0,5071305000.0,13925444994.0,12111469981.0,6954769992.0,12224339997.0,4945088994.0,4885784998.0,5160744997.0,14782460000.0,14267975253.0,15439305219.0,12767464997.0,4879994996.0,5880514998.0
4182914996,7313715000.0,3522814991.0,3467414999.0,3638441997.0,8600284987.0,8200559996.0,5436709994.0,8897314988.0,3931930000.0,4081944990.0,3983179998.0,9881376989.0,8227159992.0,6722449991.0,11551654993.0,4311504998.0,4777905000.0,5071305000.0,13925444994.0,12111469981.0,6954769992.0,12224339997.0,4945088994.0,4885784998.0,5160744997.0,14782460000.0,14267975253.0,15439305219.0,12767464997.0,4879994996.0
6329939996,4182914996.0,7313715000.0,3522814991.0,3467414999.0,3638441997.0,8600284987.0,8200559996.0,5436709994.0,8897314988.0,3931930000.0,4081944990.0,3983179998.0,9881376989.0,8227159992.0,6722449991.0,11551654993.0,4311504998.0,4777905000.0,5071305000.0,13925444994.0,12111469981.0,6954769992.0,12224339997.0,4945088994.0,4885784998.0,5160744997.0,14782460000.0,14267975253.0,15439305219.0,12767464997.0
7275158987,6329939996.0,4182914996.0,7313715000.0,3522814991.0,3467414999.0,3638441997.0,8600284987.0,8200559996.0,5436709994.0,8897314988.0,3931930000.0,4081944990.0,3983179998.0,9881376989.0,8227159992.0,6722449991.0,11551654993.0,4311504998.0,4777905000.0,5071305000.0,13925444994.0,12111469981.0,6954769992.0,12224339997.0,4945088994.0,4885784998.0,5160744997.0,14782460000.0,14267975253.0,15439305219.0
3476785000,7275158987.0,6329939996.0,4182914996.0,7313715000.0,3522814991.0,3467414999.0,3638441997.0,8600284987.0,8200559996.0,5436709994.0,8897314988.0,3931930000.0,4081944990.0,3983179998.0,9881376989.0,8227159992.0,6722449991.0,11551654993.0,4311504998.0,4777905000.0,5071305000.0,13925444994.0,12111469981.0,6954769992.0,12224339997.0,4945088994.0,4885784998.0,5160744997.0,14782460000.0,14267975253.0
1080955000,3476785000.0,7275158987.0,6329939996.0,4182914996.0,7313715000.0,3522814991.0,3467414999.0,3638441997.0,8600284987.0,8200559996.0,5436709994.0,8897314988.0,3931930000.0,4081944990.0,3983179998.0,9881376989.0,8227159992.0,6722449991.0,11551654993.0,4311504998.0,4777905000.0,5071305000.0,13925444994.0,12111469981.0,6954769992.0,12224339997.0,4945088994.0,4885784998.0,5160744997.0,14782460000.0
0,1080955000.0,3476785000.0,7275158987.0,6329939996.0,4182914996.0,7313715000.0,3522814991.0,3467414999.0,3638441997.0,8600284987.0,8200559996.0,5436709994.0,8897314988.0,3931930000.0,4081944990.0,3983179998.0,9881376989.0,8227159992.0,6722449991.0,11551654993.0,4311504998.0,4777905000.0,5071305000.0,13925444994.0,12111469981.0,6954769992.0,12224339997.0,4945088994.0,4885784998.0,5160744997.0
71400000,0.0,1080955000.0,3476785000.0,7275158987.0,6329939996.0,4182914996.0,7313715000.0,3522814991.0,3467414999.0,3638441997.0,8600284987.0,8200559996.0,5436709994.0,8897314988.0,3931930000.0,4081944990.0,3983179998.0,9881376989.0,8227159992.0,6722449991.0,11551654993.0,4311504998.0,4777905000.0,5071305000.0,13925444994.0,12111469981.0,6954769992.0,12224339997.0,4945088994.0,4885784998.0
0,71400000.0,0.0,1080955000.0,3476785000.0,7275158987.0,6329939996.0,4182914996.0,7313715000.0,3522814991.0,3467414999.0,3638441997.0,8600284987.0,8200559996.0,5436709994.0,8897314988.0,3931930000.0,4081944990.0,3983179998.0,9881376989.0,8227159992.0,6722449991.0,11551654993.0,4311504998.0,4777905000.0,5071305000.0,13925444994.0,12111469981.0,6954769992.0,12224339997.0,4945088994.0
3475384992,0.0,71400000.0,0.0,1080955000.0,3476785000.0,7275158987.0,6329939996.0,4182914996.0,7313715000.0,3522814991.0,3467414999.0,3638441997.0,8600284987.0,8200559996.0,5436709994.0,8897314988.0,3931930000.0,4081944990.0,3983179998.0,9881376989.0,8227159992.0,6722449991.0,11551654993.0,4311504998.0,4777905000.0,5071305000.0,13925444994.0,12111469981.0,6954769992.0,12224339997.0
4161084994,3475384992.0,0.0,71400000.0,0.0,1080955000.0,3476785000.0,7275158987.0,6329939996.0,4182914996.0,7313715000.0,3522814991.0,3467414999.0,3638441997.0,8600284987.0,8200559996.0,5436709994.0,8897314988.0,3931930000.0,4081944990.0,3983179998.0,9881376989.0,8227159992.0,6722449991.0,11551654993.0,4311504998.0,4777905000.0,5071305000.0,13925444994.0,12111469981.0,6954769992.0
2320559997,4161084994.0,3475384992.0,0.0,71400000.0,0.0,1080955000.0,3476785000.0,7275158987.0,6329939996.0,4182914996.0,7313715000.0,3522814991.0,3467414999.0,3638441997.0,8600284987.0,8200559996.0,5436709994.0,8897314988.0,3931930000.0,4081944990.0,3983179998.0,9881376989.0,8227159992.0,6722449991.0,11551654993.0,4311504998.0,4777905000.0,5071305000.0,13925444994.0,12111469981.0
2249234999,2320559997.0,4161084994.0,3475384992.0,0.0,71400000.0,0.0,1080955000.0,3476785000.0,7275158987.0,6329939996.0,4182914996.0,7313715000.0,3522814991.0,3467414999.0,3638441997.0,8600284987.0,8200559996.0,5436709994.0,8897314988.0,3931930000.0,4081944990.0,3983179998.0,9881376989.0,8227159992.0,6722449991.0,11551654993.0,4311504998.0,4777905000.0,5071305000.0,13925444994.0
2184359996,2249234999.0,2320559997.0,4161084994.0,3475384992.0,0.0,71400000.0,0.0,1080955000.0,3476785000.0,7275158987.0,6329939996.0,4182914996.0,7313715000.0,3522814991.0,3467414999.0,3638441997.0,8600284987.0,8200559996.0,5436709994.0,8897314988.0,3931930000.0,4081944990.0,3983179998.0,9881376989.0,8227159992.0,6722449991.0,11551654993.0,4311504998.0,4777905000.0,5071305000.0
4986375000,2184359996.0,2249234999.0,2320559997.0,4161084994.0,3475384992.0,0.0,71400000.0,0.0,1080955000.0,3476785000.0,7275158987.0,6329939996.0,4182914996.0,7313715000.0,3522814991.0,3467414999.0,3638441997.0,8600284987.0,8200559996.0,5436709994.0,8897314988.0,3931930000.0,4081944990.0,3983179998.0,9881376989.0,8227159992.0,6722449991.0,11551654993.0,4311504998.0,4777905000.0
3329234997,4986375000.0,2184359996.0,2249234999.0,2320559997.0,4161084994.0,3475384992.0,0.0,71400000.0,0.0,1080955000.0,3476785000.0,7275158987.0,6329939996.0,4182914996.0,7313715000.0,3522814991.0,3467414999.0,3638441997.0,8600284987.0,8200559996.0,5436709994.0,8897314988.0,3931930000.0,4081944990.0,3983179998.0,9881376989.0,8227159992.0,6722449991.0,11551654993.0,4311504998.0
4514695996,3329234997.0,4986375000.0,2184359996.0,2249234999.0,2320559997.0,4161084994.0,3475384992.0,0.0,71400000.0,0.0,1080955000.0,3476785000.0,7275158987.0,6329939996.0,4182914996.0,7313715000.0,3522814991.0,3467414999.0,3638441997.0,8600284987.0,8200559996.0,5436709994.0,8897314988.0,3931930000.0,4081944990.0,3983179998.0,9881376989.0,8227159992.0,6722449991.0,11551654993.0
2770535998,4514695996.0,3329234997.0,4986375000.0,2184359996.0,2249234999.0,2320559997.0,4161084994.0,3475384992.0,0.0,71400000.0,0.0,1080955000.0,3476785000.0,7275158987.0,6329939996.0,4182914996.0,7313715000.0,3522814991.0,3467414999.0,3638441997.0,8600284987.0,8200559996.0,5436709994.0,8897314988.0,3931930000.0,4081944990.0,3983179998.0,9881376989.0,8227159992.0,6722449991.0
6132539988,2770535998.0,4514695996.0,3329234997.0,4986375000.0,2184359996.0,2249234999.0,2320559997.0,4161084994.0,3475384992.0,0.0,71400000.0,0.0,1080955000.0,3476785000.0,7275158987.0,6329939996.0,4182914996.0,7313715000.0,3522814991.0,3467414999.0,3638441997.0,8600284987.0,8200559996.0,5436709994.0,8897314988.0,3931930000.0,4081944990.0,3983179998.0,9881376989.0,8227159992.0
2560324998,6132539988.0,2770535998.0,4514695996.0,3329234997.0,4986375000.0,2184359996.0,2249234999.0,2320559997.0,4161084994.0,3475384992.0,0.0,71400000.0,0.0,1080955000.0,3476785000.0,7275158987.0,6329939996.0,4182914996.0,7313715000.0,3522814991.0,3467414999.0,3638441997.0,8600284987.0,8200559996.0,5436709994.0,8897314988.0,3931930000.0,4081944990.0,3983179998.0,9881376989.0
2486669999,2560324998.0,6132539988.0,2770535998.0,4514695996.0,3329234997.0,4986375000.0,2184359996.0,2249234999.0,2320559997.0,4161084994.0,3475384992.0,0.0,71400000.0,0.0,1080955000.0,3476785000.0,7275158987.0,6329939996.0,4182914996.0,7313715000.0,3522814991.0,3467414999.0,3638441997.0,8600284987.0,8200559996.0,5436709994.0,8897314988.0,3931930000.0,4081944990.0,3983179998.0
6885634999,2486669999.0,2560324998.0,6132539988.0,2770535998.0,4514695996.0,3329234997.0,4986375000.0,2184359996.0,2249234999.0,2320559997.0,4161084994.0,3475384992.0,0.0,71400000.0,0.0,1080955000.0,3476785000.0,7275158987.0,6329939996.0,4182914996.0,7313715000.0,3522814991.0,3467414999.0,3638441997.0,8600284987.0,8200559996.0,5436709994.0,8897314988.0,3931930000.0,4081944990.0
1395420000,6885634999.0,2486669999.0,2560324998.0,6132539988.0,2770535998.0,4514695996.0,3329234997.0,4986375000.0,2184359996.0,2249234999.0,2320559997.0,4161084994.0,3475384992.0,0.0,71400000.0,0.0,1080955000.0,3476785000.0,7275158987.0,6329939996.0,4182914996.0,7313715000.0,3522814991.0,3467414999.0,3638441997.0,8600284987.0,8200559996.0,5436709994.0,8897314988.0,3931930000.0
5211629997,1395420000.0,6885634999.0,2486669999.0,2560324998.0,6132539988.0,2770535998.0,4514695996.0,3329234997.0,4986375000.0,2184359996.0,2249234999.0,2320559997.0,4161084994.0,3475384992.0,0.0,71400000.0,0.0,1080955000.0,3476785000.0,7275158987.0,6329939996.0,4182914996.0,7313715000.0,3522814991.0,3467414999.0,3638441997.0,8600284987.0,8200559996.0,5436709994.0,8897314988.0
6610534993,5211629997.0,1395420000.0,6885634999.0,2486669999.0,2560324998.0,6132539988.0,2770535998.0,4514695996.0,3329234997.0,4986375000.0,2184359996.0,2249234999.0,2320559997.0,4161084994.0,3475384992.0,0.0,71400000.0,0.0,1080955000.0,3476785000.0,7275158987.0,6329939996.0,4182914996.0,7313715000.0,3522814991.0,3467414999.0,3638441997.0,8600284987.0,8200559996.0,5436709994.0
2458610000,6610534993.0,5211629997.0,1395420000.0,6885634999.0,2486669999.0,2560324998.0,6132539988.0,2770535998.0,4514695996.0,3329234997.0,4986375000.0,2184359996.0,2249234999.0,2320559997.0,4161084994.0,3475384992.0,0.0,71400000.0,0.0,1080955000.0,3476785000.0,7275158987.0,6329939996.0,4182914996.0,7313715000.0,3522814991.0,3467414999.0,3638441997.0,8600284987.0,8200559996.0
2258259998,2458610000.0,6610534993.0,5211629997.0,1395420000.0,6885634999.0,2486669999.0,2560324998.0,6132539988.0,2770535998.0,4514695996.0,3329234997.0,4986375000.0,2184359996.0,2249234999.0,2320559997.0,4161084994.0,3475384992.0,0.0,71400000.0,0.0,1080955000.0,3476785000.0,7275158987.0,6329939996.0,4182914996.0,7313715000.0,3522814991.0,3467414999.0,3638441997.0,8600284987.0
980205000,2258259998.0,2458610000.0,6610534993.0,5211629997.0,1395420000.0,6885634999.0,2486669999.0,2560324998.0,6132539988.0,2770535998.0,4514695996.0,3329234997.0,4986375000.0,2184359996.0,2249234999.0,2320559997.0,4161084994.0,3475384992.0,0.0,71400000.0,0.0,1080955000.0,3476785000.0,7275158987.0,6329939996.0,4182914996.0,7313715000.0,3522814991.0,3467414999.0,3638441997.0
5649075993,980205000.0,2258259998.0,2458610000.0,6610534993.0,5211629997.0,1395420000.0,6885634999.0,2486669999.0,2560324998.0,6132539988.0,2770535998.0,4514695996.0,3329234997.0,4986375000.0,2184359996.0,2249234999.0,2320559997.0,4161084994.0,3475384992.0,0.0,71400000.0,0.0,1080955000.0,3476785000.0,7275158987.0,6329939996.0,4182914996.0,7313715000.0,3522814991.0,3467414999.0
2906701994,5649075993.0,980205000.0,2258259998.0,2458610000.0,6610534993.0,5211629997.0,1395420000.0,6885634999.0,2486669999.0,2560324998.0,6132539988.0,2770535998.0,4514695996.0,3329234997.0,4986375000.0,2184359996.0,2249234999.0,2320559997.0,4161084994.0,3475384992.0,0.0,71400000.0,0.0,1080955000.0,3476785000.0,7275158987.0,6329939996.0,4182914996.0,7313715000.0,3522814991.0
6139889988,2906701994.0,5649075993.0,980205000.0,2258259998.0,2458610000.0,6610534993.0,5211629997.0,1395420000.0,6885634999.0,2486669999.0,2560324998.0,6132539988.0,2770535998.0,4514695996.0,3329234997.0,4986375000.0,2184359996.0,2249234999.0,2320559997.0,4161084994.0,3475384992.0,0.0,71400000.0,0.0,1080955000.0,3476785000.0,7275158987.0,6329939996.0,4182914996.0,7313715000.0
7667164992,6139889988.0,2906701994.0,5649075993.0,980205000.0,2258259998.0,2458610000.0,6610534993.0,5211629997.0,1395420000.0,6885634999.0,2486669999.0,2560324998.0,6132539988.0,2770535998.0,4514695996.0,3329234997.0,4986375000.0,2184359996.0,2249234999.0,2320559997.0,4161084994.0,3475384992.0,0.0,71400000.0,0.0,1080955000.0,3476785000.0,7275158987.0,6329939996.0,4182914996.0
2763044998,7667164992.0,6139889988.0,2906701994.0,5649075993.0,980205000.0,2258259998.0,2458610000.0,6610534993.0,5211629997.0,1395420000.0,6885634999.0,2486669999.0,2560324998.0,6132539988.0,2770535998.0,4514695996.0,3329234997.0,4986375000.0,2184359996.0,2249234999.0,2320559997.0,4161084994.0,3475384992.0,0.0,71400000.0,0.0,1080955000.0,3476785000.0,7275158987.0,6329939996.0
2834914996,2763044998.0,7667164992.0,6139889988.0,2906701994.0,5649075993.0,980205000.0,2258259998.0,2458610000.0,6610534993.0,5211629997.0,1395420000.0,6885634999.0,2486669999.0,2560324998.0,6132539988.0,2770535998.0,4514695996.0,3329234997.0,4986375000.0,2184359996.0,2249234999.0,2320559997.0,4161084994.0,3475384992.0,0.0,71400000.0,0.0,1080955000.0,3476785000.0,7275158987.0
2704864998,2834914996.0,2763044998.0,7667164992.0,6139889988.0,2906701994.0,5649075993.0,980205000.0,2258259998.0,2458610000.0,6610534993.0,5211629997.0,1395420000.0,6885634999.0,2486669999.0,2560324998.0,6132539988.0,2770535998.0,4514695996.0,3329234997.0,4986375000.0,2184359996.0,2249234999.0,2320559997.0,4161084994.0,3475384992.0,0.0,71400000.0,0.0,1080955000.0,3476785000.0
8148094996,2704864998.0,2834914996.0,2763044998.0,7667164992.0,6139889988.0,2906701994.0,5649075993.0,980205000.0,2258259998.0,2458610000.0,6610534993.0,5211629997.0,1395420000.0,6885634999.0,2486669999.0,2560324998.0,6132539988.0,2770535998.0,4514695996.0,3329234997.0,4986375000.0,2184359996.0,2249234999.0,2320559997.0,4161084994.0,3475384992.0,0.0,71400000.0,0.0,1080955000.0
5828224984,8148094996.0,2704864998.0,2834914996.0,2763044998.0,7667164992.0,6139889988.0,2906701994.0,5649075993.0,980205000.0,2258259998.0,2458610000.0,6610534993.0,5211629997.0,1395420000.0,6885634999.0,2486669999.0,2560324998.0,6132539988.0,2770535998.0,4514695996.0,3329234997.0,4986375000.0,2184359996.0,2249234999.0,2320559997.0,4161084994.0,3475384992.0,0.0,71400000.0,0.0
9662509981,5828224984.0,8148094996.0,2704864998.0,2834914996.0,2763044998.0,7667164992.0,6139889988.0,2906701994.0,5649075993.0,980205000.0,2258259998.0,2458610000.0,6610534993.0,5211629997.0,1395420000.0,6885634999.0,2486669999.0,2560324998.0,6132539988.0,2770535998.0,4514695996.0,3329234997.0,4986375000.0,2184359996.0,2249234999.0,2320559997.0,4161084994.0,3475384992.0,0.0,71400000.0
11396164998,9662509981.0,5828224984.0,8148094996.0,2704864998.0,2834914996.0,2763044998.0,7667164992.0,6139889988.0,2906701994.0,5649075993.0,980205000.0,2258259998.0,2458610000.0,6610534993.0,5211629997.0,1395420000.0,6885634999.0,2486669999.0,2560324998.0,6132539988.0,2770535998.0,4514695996.0,3329234997.0,4986375000.0,2184359996.0,2249234999.0,2320559997.0,4161084994.0,3475384992.0,0.0
5540397993,11396164998.0,9662509981.0,5828224984.0,8148094996.0,2704864998.0,2834914996.0,2763044998.0,7667164992.0,6139889988.0,2906701994.0,5649075993.0,980205000.0,2258259998.0,2458610000.0,6610534993.0,5211629997.0,1395420000.0,6885634999.0,2486669999.0,2560324998.0,6132539988.0,2770535998.0,4514695996.0,3329234997.0,4986375000.0,2184359996.0,2249234999.0,2320559997.0,4161084994.0,3475384992.0
2825644988,5540397993.0,11396164998.0,9662509981.0,5828224984.0,8148094996.0,2704864998.0,2834914996.0,2763044998.0,7667164992.0,6139889988.0,2906701994.0,5649075993.0,980205000.0,2258259998.0,2458610000.0,6610534993.0,5211629997.0,1395420000.0,6885634999.0,2486669999.0,2560324998.0,6132539988.0,2770535998.0,4514695996.0,3329234997.0,4986375000.0,2184359996.0,2249234999.0,2320559997.0,4161084994.0
13120000,2825644988.0,5540397993.0,11396164998.0,9662509981.0,5828224984.0,8148094996.0,2704864998.0,2834914996.0,2763044998.0,7667164992.0,6139889988.0,2906701994.0,5649075993.0,980205000.0,2258259998.0,2458610000.0,6610534993.0,5211629997.0,1395420000.0,6885634999.0,2486669999.0,2560324998.0,6132539988.0,2770535998.0,4514695996.0,3329234997.0,4986375000.0,2184359996.0,2249234999.0,2320559997.0
10786194995,13120000.0,2825644988.0,5540397993.0,11396164998.0,9662509981.0,5828224984.0,8148094996.0,2704864998.0,2834914996.0,2763044998.0,7667164992.0,6139889988.0,2906701994.0,5649075993.0,980205000.0,2258259998.0,2458610000.0,6610534993.0,5211629997.0,1395420000.0,6885634999.0,2486669999.0,2560324998.0,6132539988.0,2770535998.0,4514695996.0,3329234997.0,4986375000.0,2184359996.0,2249234999.0
6959104995,10786194995.0,13120000.0,2825644988.0,5540397993.0,11396164998.0,9662509981.0,5828224984.0,8148094996.0,2704864998.0,2834914996.0,2763044998.0,7667164992.0,6139889988.0,2906701994.0,5649075993.0,980205000.0,2258259998.0,2458610000.0,6610534993.0,5211629997.0,1395420000.0,6885634999.0,2486669999.0,2560324998.0,6132539988.0,2770535998.0,4514695996.0,3329234997.0,4986375000.0,2184359996.0
12008334977,6959104995.0,10786194995.0,13120000.0,2825644988.0,5540397993.0,11396164998.0,9662509981.0,5828224984.0,8148094996.0,2704864998.0,2834914996.0,2763044998.0,7667164992.0,6139889988.0,2906701994.0,5649075993.0,980205000.0,2258259998.0,2458610000.0,6610534993.0,5211629997.0,1395420000.0,6885634999.0,2486669999.0,2560324998.0,6132539988.0,2770535998.0,4514695996.0,3329234997.0,4986375000.0
15812514981,12008334977.0,6959104995.0,10786194995.0,13120000.0,2825644988.0,5540397993.0,11396164998.0,9662509981.0,5828224984.0,8148094996.0,2704864998.0,2834914996.0,2763044998.0,7667164992.0,6139889988.0,2906701994.0,5649075993.0,980205000.0,2258259998.0,2458610000.0,6610534993.0,5211629997.0,1395420000.0,6885634999.0,2486669999.0,2560324998.0,6132539988.0,2770535998.0,4514695996.0,3329234997.0
6480759976,15812514981.0,12008334977.0,6959104995.0,10786194995.0,13120000.0,2825644988.0,5540397993.0,11396164998.0,9662509981.0,5828224984.0,8148094996.0,2704864998.0,2834914996.0,2763044998.0,7667164992.0,6139889988.0,2906701994.0,5649075993.0,980205000.0,2258259998.0,2458610000.0,6610534993.0,5211629997.0,1395420000.0,6885634999.0,2486669999.0,2560324998.0,6132539988.0,2770535998.0,4514695996.0
5510644991,6480759976.0,15812514981.0,12008334977.0,6959104995.0,10786194995.0,13120000.0,2825644988.0,5540397993.0,11396164998.0,9662509981.0,5828224984.0,8148094996.0,2704864998.0,2834914996.0,2763044998.0,7667164992.0,6139889988.0,2906701994.0,5649075993.0,980205000.0,2258259998.0,2458610000.0,6610534993.0,5211629997.0,1395420000.0,6885634999.0,2486669999.0,2560324998.0,6132539988.0,2770535998.0
6653094991,5510644991.0,6480759976.0,15812514981.0,12008334977.0,6959104995.0,10786194995.0,13120000.0,2825644988.0,5540397993.0,11396164998.0,9662509981.0,5828224984.0,8148094996.0,2704864998.0,2834914996.0,2763044998.0,7667164992.0,6139889988.0,2906701994.0,5649075993.0,980205000.0,2258259998.0,2458610000.0,6610534993.0,5211629997.0,1395420000.0,6885634999.0,2486669999.0,2560324998.0,6132539988.0
13076185989,6653094991.0,5510644991.0,6480759976.0,15812514981.0,12008334977.0,6959104995.0,10786194995.0,13120000.0,2825644988.0,5540397993.0,11396164998.0,9662509981.0,5828224984.0,8148094996.0,2704864998.0,2834914996.0,2763044998.0,7667164992.0,6139889988.0,2906701994.0,5649075993.0,980205000.0,2258259998.0,2458610000.0,6610534993.0,5211629997.0,1395420000.0,6885634999.0,2486669999.0,2560324998.0
8999259980,13076185989.0,6653094991.0,5510644991.0,6480759976.0,15812514981.0,12008334977.0,6959104995.0,10786194995.0,13120000.0,2825644988.0,5540397993.0,11396164998.0,9662509981.0,5828224984.0,8148094996.0,2704864998.0,2834914996.0,2763044998.0,7667164992.0,6139889988.0,2906701994.0,5649075993.0,980205000.0,2258259998.0,2458610000.0,6610534993.0,5211629997.0,1395420000.0,6885634999.0,2486669999.0
13190757991,8999259980.0,13076185989.0,6653094991.0,5510644991.0,6480759976.0,15812514981.0,12008334977.0,6959104995.0,10786194995.0,13120000.0,2825644988.0,5540397993.0,11396164998.0,9662509981.0,5828224984.0,8148094996.0,2704864998.0,2834914996.0,2763044998.0,7667164992.0,6139889988.0,2906701994.0,5649075993.0,980205000.0,2258259998.0,2458610000.0,6610534993.0,5211629997.0,1395420000.0,6885634999.0
16851959987,13190757991.0,8999259980.0,13076185989.0,6653094991.0,5510644991.0,6480759976.0,15812514981.0,12008334977.0,6959104995.0,10786194995.0,13120000.0,2825644988.0,5540397993.0,11396164998.0,9662509981.0,5828224984.0,8148094996.0,2704864998.0,2834914996.0,2763044998.0,7667164992.0,6139889988.0,2906701994.0,5649075993.0,980205000.0,2258259998.0,2458610000.0,6610534993.0,5211629997.0,1395420000.0
7159569982,16851959987.0,13190757991.0,8999259980.0,13076185989.0,6653094991.0,5510644991.0,6480759976.0,15812514981.0,12008334977.0,6959104995.0,10786194995.0,13120000.0,2825644988.0,5540397993.0,11396164998.0,9662509981.0,5828224984.0,8148094996.0,2704864998.0,2834914996.0,2763044998.0,7667164992.0,6139889988.0,2906701994.0,5649075993.0,980205000.0,2258259998.0,2458610000.0,6610534993.0,5211629997.0
6549649998,7159569982.0,16851959987.0,13190757991.0,8999259980.0,13076185989.0,6653094991.0,5510644991.0,6480759976.0,15812514981.0,12008334977.0,6959104995.0,10786194995.0,13120000.0,2825644988.0,5540397993.0,11396164998.0,9662509981.0,5828224984.0,8148094996.0,2704864998.0,2834914996.0,2763044998.0,7667164992.0,6139889988.0,2906701994.0,5649075993.0,980205000.0,2258259998.0,2458610000.0,6610534993.0
6172484993,6549649998.0,7159569982.0,16851959987.0,13190757991.0,8999259980.0,13076185989.0,6653094991.0,5510644991.0,6480759976.0,15812514981.0,12008334977.0,6959104995.0,10786194995.0,13120000.0,2825644988.0,5540397993.0,11396164998.0,9662509981.0,5828224984.0,8148094996.0,2704864998.0,2834914996.0,2763044998.0,7667164992.0,6139889988.0,2906701994.0,5649075993.0,980205000.0,2258259998.0,2458610000.0
13319830996,6172484993.0,6549649998.0,7159569982.0,16851959987.0,13190757991.0,8999259980.0,13076185989.0,6653094991.0,5510644991.0,6480759976.0,15812514981.0,12008334977.0,6959104995.0,10786194995.0,13120000.0,2825644988.0,5540397993.0,11396164998.0,9662509981.0,5828224984.0,8148094996.0,2704864998.0,2834914996.0,2763044998.0,7667164992.0,6139889988.0,2906701994.0,5649075993.0,980205000.0,2258259998.0
8000094991,13319830996.0,6172484993.0,6549649998.0,7159569982.0,16851959987.0,13190757991.0,8999259980.0,13076185989.0,6653094991.0,5510644991.0,6480759976.0,15812514981.0,12008334977.0,6959104995.0,10786194995.0,13120000.0,2825644988.0,5540397993.0,11396164998.0,9662509981.0,5828224984.0,8148094996.0,2704864998.0,2834914996.0,2763044998.0,7667164992.0,6139889988.0,2906701994.0,5649075993.0,980205000.0
12027644995,8000094991.0,13319830996.0,6172484993.0,6549649998.0,7159569982.0,16851959987.0,13190757991.0,8999259980.0,13076185989.0,6653094991.0,5510644991.0,6480759976.0,15812514981.0,12008334977.0,6959104995.0,10786194995.0,13120000.0,2825644988.0,5540397993.0,11396164998.0,9662509981.0,5828224984.0,8148094996.0,2704864998.0,2834914996.0,2763044998.0,7667164992.0,6139889988.0,2906701994.0,5649075993.0
14885269983,12027644995.0,8000094991.0,13319830996.0,6172484993.0,6549649998.0,7159569982.0,16851959987.0,13190757991.0,8999259980.0,13076185989.0,6653094991.0,5510644991.0,6480759976.0,15812514981.0,12008334977.0,6959104995.0,10786194995.0,13120000.0,2825644988.0,5540397993.0,11396164998.0,9662509981.0,5828224984.0,8148094996.0,2704864998.0,2834914996.0,2763044998.0,7667164992.0,6139889988.0,2906701994.0
6264484991,14885269983.0,12027644995.0,8000094991.0,13319830996.0,6172484993.0,6549649998.0,7159569982.0,16851959987.0,13190757991.0,8999259980.0,13076185989.0,6653094991.0,5510644991.0,6480759976.0,15812514981.0,12008334977.0,6959104995.0,10786194995.0,13120000.0,2825644988.0,5540397993.0,11396164998.0,9662509981.0,5828224984.0,8148094996.0,2704864998.0,2834914996.0,2763044998.0,7667164992.0,6139889988.0
5555974987,6264484991.0,14885269983.0,12027644995.0,8000094991.0,13319830996.0,6172484993.0,6549649998.0,7159569982.0,16851959987.0,13190757991.0,8999259980.0,13076185989.0,6653094991.0,5510644991.0,6480759976.0,15812514981.0,12008334977.0,6959104995.0,10786194995.0,13120000.0,2825644988.0,5540397993.0,11396164998.0,9662509981.0,5828224984.0,8148094996.0,2704864998.0,2834914996.0,2763044998.0,7667164992.0
5918124988,5555974987.0,6264484991.0,14885269983.0,12027644995.0,8000094991.0,13319830996.0,6172484993.0,6549649998.0,7159569982.0,16851959987.0,13190757991.0,8999259980.0,13076185989.0,6653094991.0,5510644991.0,6480759976.0,15812514981.0,12008334977.0,6959104995.0,10786194995.0,13120000.0,2825644988.0,5540397993.0,11396164998.0,9662509981.0,5828224984.0,8148094996.0,2704864998.0,2834914996.0,2763044998.0
13719579997,5918124988.0,5555974987.0,6264484991.0,14885269983.0,12027644995.0,8000094991.0,13319830996.0,6172484993.0,6549649998.0,7159569982.0,16851959987.0,13190757991.0,8999259980.0,13076185989.0,6653094991.0,5510644991.0,6480759976.0,15812514981.0,12008334977.0,6959104995.0,10786194995.0,13120000.0,2825644988.0,5540397993.0,11396164998.0,9662509981.0,5828224984.0,8148094996.0,2704864998.0,2834914996.0
8289149995,13719579997.0,5918124988.0,5555974987.0,6264484991.0,14885269983.0,12027644995.0,8000094991.0,13319830996.0,6172484993.0,6549649998.0,7159569982.0,16851959987.0,13190757991.0,8999259980.0,13076185989.0,6653094991.0,5510644991.0,6480759976.0,15812514981.0,12008334977.0,6959104995.0,10786194995.0,13120000.0,2825644988.0,5540397993.0,11396164998.0,9662509981.0,5828224984.0,8148094996.0,2704864998.0
11822730988,8289149995.0,13719579997.0,5918124988.0,5555974987.0,6264484991.0,14885269983.0,12027644995.0,8000094991.0,13319830996.0,6172484993.0,6549649998.0,7159569982.0,16851959987.0,13190757991.0,8999259980.0,13076185989.0,6653094991.0,5510644991.0,6480759976.0,15812514981.0,12008334977.0,6959104995.0,10786194995.0,13120000.0,2825644988.0,5540397993.0,11396164998.0,9662509981.0,5828224984.0,8148094996.0
15215489991,11822730988.0,8289149995.0,13719579997.0,5918124988.0,5555974987.0,6264484991.0,14885269983.0,12027644995.0,8000094991.0,13319830996.0,6172484993.0,6549649998.0,7159569982.0,16851959987.0,13190757991.0,8999259980.0,13076185989.0,6653094991.0,5510644991.0,6480759976.0,15812514981.0,12008334977.0,6959104995.0,10786194995.0,13120000.0,2825644988.0,5540397993.0,11396164998.0,9662509981.0,5828224984.0
6382794992,15215489991.0,11822730988.0,8289149995.0,13719579997.0,5918124988.0,5555974987.0,6264484991.0,14885269983.0,12027644995.0,8000094991.0,13319830996.0,6172484993.0,6549649998.0,7159569982.0,16851959987.0,13190757991.0,8999259980.0,13076185989.0,6653094991.0,5510644991.0,6480759976.0,15812514981.0,12008334977.0,6959104995.0,10786194995.0,13120000.0,2825644988.0,5540397993.0,11396164998.0,9662509981.0
5724189989,6382794992.0,15215489991.0,11822730988.0,8289149995.0,13719579997.0,5918124988.0,5555974987.0,6264484991.0,14885269983.0,12027644995.0,8000094991.0,13319830996.0,6172484993.0,6549649998.0,7159569982.0,16851959987.0,13190757991.0,8999259980.0,13076185989.0,6653094991.0,5510644991.0,6480759976.0,15812514981.0,12008334977.0,6959104995.0,10786194995.0,13120000.0,2825644988.0,5540397993.0,11396164998.0
5464959990,5724189989.0,6382794992.0,15215489991.0,11822730988.0,8289149995.0,13719579997.0,5918124988.0,5555974987.0,6264484991.0,14885269983.0,12027644995.0,8000094991.0,13319830996.0,6172484993.0,6549649998.0,7159569982.0,16851959987.0,13190757991.0,8999259980.0,13076185989.0,6653094991.0,5510644991.0,6480759976.0,15812514981.0,12008334977.0,6959104995.0,10786194995.0,13120000.0,2825644988.0,5540397993.0
13684424998,5464959990.0,5724189989.0,6382794992.0,15215489991.0,11822730988.0,8289149995.0,13719579997.0,5918124988.0,5555974987.0,6264484991.0,14885269983.0,12027644995.0,8000094991.0,13319830996.0,6172484993.0,6549649998.0,7159569982.0,16851959987.0,13190757991.0,8999259980.0,13076185989.0,6653094991.0,5510644991.0,6480759976.0,15812514981.0,12008334977.0,6959104995.0,10786194995.0,13120000.0,2825644988.0
7918147990,13684424998.0,5464959990.0,5724189989.0,6382794992.0,15215489991.0,11822730988.0,8289149995.0,13719579997.0,5918124988.0,5555974987.0,6264484991.0,14885269983.0,12027644995.0,8000094991.0,13319830996.0,6172484993.0,6549649998.0,7159569982.0,16851959987.0,13190757991.0,8999259980.0,13076185989.0,6653094991.0,5510644991.0,6480759976.0,15812514981.0,12008334977.0,6959104995.0,10786194995.0,13120000.0
11818904985,7918147990.0,13684424998.0,5464959990.0,5724189989.0,6382794992.0,15215489991.0,11822730988.0,8289149995.0,13719579997.0,5918124988.0,5555974987.0,6264484991.0,14885269983.0,12027644995.0,8000094991.0,13319830996.0,6172484993.0,6549649998.0,7159569982.0,16851959987.0,13190757991.0,8999259980.0,13076185989.0,6653094991.0,5510644991.0,6480759976.0,15812514981.0,12008334977.0,6959104995.0,10786194995.0
14990894987,11818904985.0,7918147990.0,13684424998.0,5464959990.0,5724189989.0,6382794992.0,15215489991.0,11822730988.0,8289149995.0,13719579997.0,5918124988.0,5555974987.0,6264484991.0,14885269983.0,12027644995.0,8000094991.0,13319830996.0,6172484993.0,6549649998.0,7159569982.0,16851959987.0,13190757991.0,8999259980.0,13076185989.0,6653094991.0,5510644991.0,6480759976.0,15812514981.0,12008334977.0,6959104995.0
5547329992,14990894987.0,11818904985.0,7918147990.0,13684424998.0,5464959990.0,5724189989.0,6382794992.0,15215489991.0,11822730988.0,8289149995.0,13719579997.0,5918124988.0,5555974987.0,6264484991.0,14885269983.0,12027644995.0,8000094991.0,13319830996.0,6172484993.0,6549649998.0,7159569982.0,16851959987.0,13190757991.0,8999259980.0,13076185989.0,6653094991.0,5510644991.0,6480759976.0,15812514981.0,12008334977.0
5057709998,5547329992.0,14990894987.0,11818904985.0,7918147990.0,13684424998.0,5464959990.0,5724189989.0,6382794992.0,15215489991.0,11822730988.0,8289149995.0,13719579997.0,5918124988.0,5555974987.0,6264484991.0,14885269983.0,12027644995.0,8000094991.0,13319830996.0,6172484993.0,6549649998.0,7159569982.0,16851959987.0,13190757991.0,8999259980.0,13076185989.0,6653094991.0,5510644991.0,6480759976.0,15812514981.0
5179299994,5057709998.0,5547329992.0,14990894987.0,11818904985.0,7918147990.0,13684424998.0,5464959990.0,5724189989.0,6382794992.0,15215489991.0,11822730988.0,8289149995.0,13719579997.0,5918124988.0,5555974987.0,6264484991.0,14885269983.0,12027644995.0,8000094991.0,13319830996.0,6172484993.0,6549649998.0,7159569982.0,16851959987.0,13190757991.0,8999259980.0,13076185989.0,6653094991.0,5510644991.0,6480759976.0
13195990000,5179299994.0,5057709998.0,5547329992.0,14990894987.0,11818904985.0,7918147990.0,13684424998.0,5464959990.0,5724189989.0,6382794992.0,15215489991.0,11822730988.0,8289149995.0,13719579997.0,5918124988.0,5555974987.0,6264484991.0,14885269983.0,12027644995.0,8000094991.0,13319830996.0,6172484993.0,6549649998.0,7159569982.0,16851959987.0,13190757991.0,8999259980.0,13076185989.0,6653094991.0,5510644991.0
7010064996,13195990000.0,5179299994.0,5057709998.0,5547329992.0,14990894987.0,11818904985.0,7918147990.0,13684424998.0,5464959990.0,5724189989.0,6382794992.0,15215489991.0,11822730988.0,8289149995.0,13719579997.0,5918124988.0,5555974987.0,6264484991.0,14885269983.0,12027644995.0,8000094991.0,13319830996.0,6172484993.0,6549649998.0,7159569982.0,16851959987.0,13190757991.0,8999259980.0,13076185989.0,6653094991.0
10157724991,7010064996.0,13195990000.0,5179299994.0,5057709998.0,5547329992.0,14990894987.0,11818904985.0,7918147990.0,13684424998.0,5464959990.0,5724189989.0,6382794992.0,15215489991.0,11822730988.0,8289149995.0,13719579997.0,5918124988.0,5555974987.0,6264484991.0,14885269983.0,12027644995.0,8000094991.0,13319830996.0,6172484993.0,6549649998.0,7159569982.0,16851959987.0,13190757991.0,8999259980.0,13076185989.0
13006859983,10157724991.0,7010064996.0,13195990000.0,5179299994.0,5057709998.0,5547329992.0,14990894987.0,11818904985.0,7918147990.0,13684424998.0,5464959990.0,5724189989.0,6382794992.0,15215489991.0,11822730988.0,8289149995.0,13719579997.0,5918124988.0,5555974987.0,6264484991.0,14885269983.0,12027644995.0,8000094991.0,13319830996.0,6172484993.0,6549649998.0,7159569982.0,16851959987.0,13190757991.0,8999259980.0
4947809996,13006859983.0,10157724991.0,7010064996.0,13195990000.0,5179299994.0,5057709998.0,5547329992.0,14990894987.0,11818904985.0,7918147990.0,13684424998.0,5464959990.0,5724189989.0,6382794992.0,15215489991.0,11822730988.0,8289149995.0,13719579997.0,5918124988.0,5555974987.0,6264484991.0,14885269983.0,12027644995.0,8000094991.0,13319830996.0,6172484993.0,6549649998.0,7159569982.0,16851959987.0,13190757991.0
4381749995,4947809996.0,13006859983.0,10157724991.0,7010064996.0,13195990000.0,5179299994.0,5057709998.0,5547329992.0,14990894987.0,11818904985.0,7918147990.0,13684424998.0,5464959990.0,5724189989.0,6382794992.0,15215489991.0,11822730988.0,8289149995.0,13719579997.0,5918124988.0,5555974987.0,6264484991.0,14885269983.0,12027644995.0,8000094991.0,13319830996.0,6172484993.0,6549649998.0,7159569982.0,16851959987.0
4492764993,4381749995.0,4947809996.0,13006859983.0,10157724991.0,7010064996.0,13195990000.0,5179299994.0,5057709998.0,5547329992.0,14990894987.0,11818904985.0,7918147990.0,13684424998.0,5464959990.0,5724189989.0,6382794992.0,15215489991.0,11822730988.0,8289149995.0,13719579997.0,5918124988.0,5555974987.0,6264484991.0,14885269983.0,12027644995.0,8000094991.0,13319830996.0,6172484993.0,6549649998.0,7159569982.0
10896969987,4492764993.0,4381749995.0,4947809996.0,13006859983.0,10157724991.0,7010064996.0,13195990000.0,5179299994.0,5057709998.0,5547329992.0,14990894987.0,11818904985.0,7918147990.0,13684424998.0,5464959990.0,5724189989.0,6382794992.0,15215489991.0,11822730988.0,8289149995.0,13719579997.0,5918124988.0,5555974987.0,6264484991.0,14885269983.0,12027644995.0,8000094991.0,13319830996.0,6172484993.0,6549649998.0
10470650988,10896969987.0,4492764993.0,4381749995.0,4947809996.0,13006859983.0,10157724991.0,7010064996.0,13195990000.0,5179299994.0,5057709998.0,5547329992.0,14990894987.0,11818904985.0,7918147990.0,13684424998.0,5464959990.0,5724189989.0,6382794992.0,15215489991.0,11822730988.0,8289149995.0,13719579997.0,5918124988.0,5555974987.0,6264484991.0,14885269983.0,12027644995.0,8000094991.0,13319830996.0,6172484993.0
8538013991,10470650988.0,10896969987.0,4492764993.0,4381749995.0,4947809996.0,13006859983.0,10157724991.0,7010064996.0,13195990000.0,5179299994.0,5057709998.0,5547329992.0,14990894987.0,11818904985.0,7918147990.0,13684424998.0,5464959990.0,5724189989.0,6382794992.0,15215489991.0,11822730988.0,8289149995.0,13719579997.0,5918124988.0,5555974987.0,6264484991.0,14885269983.0,12027644995.0,8000094991.0,13319830996.0
10252485988,8538013991.0,10470650988.0,10896969987.0,4492764993.0,4381749995.0,4947809996.0,13006859983.0,10157724991.0,7010064996.0,13195990000.0,5179299994.0,5057709998.0,5547329992.0,14990894987.0,11818904985.0,7918147990.0,13684424998.0,5464959990.0,5724189989.0,6382794992.0,15215489991.0,11822730988.0,8289149995.0,13719579997.0,5918124988.0,5555974987.0,6264484991.0,14885269983.0,12027644995.0,8000094991.0
3991755995,10252485988.0,8538013991.0,10470650988.0,10896969987.0,4492764993.0,4381749995.0,4947809996.0,13006859983.0,10157724991.0,7010064996.0,13195990000.0,5179299994.0,5057709998.0,5547329992.0,14990894987.0,11818904985.0,7918147990.0,13684424998.0,5464959990.0,5724189989.0,6382794992.0,15215489991.0,11822730988.0,8289149995.0,13719579997.0,5918124988.0,5555974987.0,6264484991.0,14885269983.0,12027644995.0
3868814995,3991755995.0,10252485988.0,8538013991.0,10470650988.0,10896969987.0,4492764993.0,4381749995.0,4947809996.0,13006859983.0,10157724991.0,7010064996.0,13195990000.0,5179299994.0,5057709998.0,5547329992.0,14990894987.0,11818904985.0,7918147990.0,13684424998.0,5464959990.0,5724189989.0,6382794992.0,15215489991.0,11822730988.0,8289149995.0,13719579997.0,5918124988.0,5555974987.0,6264484991.0,14885269983.0
3315899998,3868814995.0,3991755995.0,10252485988.0,8538013991.0,10470650988.0,10896969987.0,4492764993.0,4381749995.0,4947809996.0,13006859983.0,10157724991.0,7010064996.0,13195990000.0,5179299994.0,5057709998.0,5547329992.0,14990894987.0,11818904985.0,7918147990.0,13684424998.0,5464959990.0,5724189989.0,6382794992.0,15215489991.0,11822730988.0,8289149995.0,13719579997.0,5918124988.0,5555974987.0,6264484991.0
10093979999,3315899998.0,3868814995.0,3991755995.0,10252485988.0,8538013991.0,10470650988.0,10896969987.0,4492764993.0,4381749995.0,4947809996.0,13006859983.0,10157724991.0,7010064996.0,13195990000.0,5179299994.0,5057709998.0,5547329992.0,14990894987.0,11818904985.0,7918147990.0,13684424998.0,5464959990.0,5724189989.0,6382794992.0,15215489991.0,11822730988.0,8289149995.0,13719579997.0,5918124988.0,5555974987.0
4719294994,10093979999.0,3315899998.0,3868814995.0,3991755995.0,10252485988.0,8538013991.0,10470650988.0,10896969987.0,4492764993.0,4381749995.0,4947809996.0,13006859983.0,10157724991.0,7010064996.0,13195990000.0,5179299994.0,5057709998.0,5547329992.0,14990894987.0,11818904985.0,7918147990.0,13684424998.0,5464959990.0,5724189989.0,6382794992.0,15215489991.0,11822730988.0,8289149995.0,13719579997.0,5918124988.0
8386129996,4719294994.0,10093979999.0,3315899998.0,3868814995.0,3991755995.0,10252485988.0,8538013991.0,10470650988.0,10896969987.0,4492764993.0,4381749995.0,4947809996.0,13006859983.0,10157724991.0,7010064996.0,13195990000.0,5179299994.0,5057709998.0,5547329992.0,14990894987.0,11818904985.0,7918147990.0,13684424998.0,5464959990.0,5724189989.0,6382794992.0,15215489991.0,11822730988.0,8289149995.0,13719579997.0
9473809990,8386129996.0,4719294994.0,10093979999.0,3315899998.0,3868814995.0,3991755995.0,10252485988.0,8538013991.0,10470650988.0,10896969987.0,4492764993.0,4381749995.0,4947809996.0,13006859983.0,10157724991.0,7010064996.0,13195990000.0,5179299994.0,5057709998.0,5547329992.0,14990894987.0,11818904985.0,7918147990.0,13684424998.0,5464959990.0,5724189989.0,6382794992.0,15215489991.0,11822730988.0,8289149995.0
3514239995,9473809990.0,8386129996.0,4719294994.0,10093979999.0,3315899998.0,3868814995.0,3991755995.0,10252485988.0,8538013991.0,10470650988.0,10896969987.0,4492764993.0,4381749995.0,4947809996.0,13006859983.0,10157724991.0,7010064996.0,13195990000.0,5179299994.0,5057709998.0,5547329992.0,14990894987.0,11818904985.0,7918147990.0,13684424998.0,5464959990.0,5724189989.0,6382794992.0,15215489991.0,11822730988.0
3177834999,3514239995.0,9473809990.0,8386129996.0,4719294994.0,10093979999.0,3315899998.0,3868814995.0,3991755995.0,10252485988.0,8538013991.0,10470650988.0,10896969987.0,4492764993.0,4381749995.0,4947809996.0,13006859983.0,10157724991.0,7010064996.0,13195990000.0,5179299994.0,5057709998.0,5547329992.0,14990894987.0,11818904985.0,7918147990.0,13684424998.0,5464959990.0,5724189989.0,6382794992.0,15215489991.0
3079459999,3177834999.0,3514239995.0,9473809990.0,8386129996.0,4719294994.0,10093979999.0,3315899998.0,3868814995.0,3991755995.0,10252485988.0,8538013991.0,10470650988.0,10896969987.0,4492764993.0,4381749995.0,4947809996.0,13006859983.0,10157724991.0,7010064996.0,13195990000.0,5179299994.0,5057709998.0,5547329992.0,14990894987.0,11818904985.0,7918147990.0,13684424998.0,5464959990.0,5724189989.0,6382794992.0
9617799998,3079459999.0,3177834999.0,3514239995.0,9473809990.0,8386129996.0,4719294994.0,10093979999.0,3315899998.0,3868814995.0,3991755995.0,10252485988.0,8538013991.0,10470650988.0,10896969987.0,4492764993.0,4381749995.0,4947809996.0,13006859983.0,10157724991.0,7010064996.0,13195990000.0,5179299994.0,5057709998.0,5547329992.0,14990894987.0,11818904985.0,7918147990.0,13684424998.0,5464959990.0,5724189989.0
3779844998,9617799998.0,3079459999.0,3177834999.0,3514239995.0,9473809990.0,8386129996.0,4719294994.0,10093979999.0,3315899998.0,3868814995.0,3991755995.0,10252485988.0,8538013991.0,10470650988.0,10896969987.0,4492764993.0,4381749995.0,4947809996.0,13006859983.0,10157724991.0,7010064996.0,13195990000.0,5179299994.0,5057709998.0,5547329992.0,14990894987.0,11818904985.0,7918147990.0,13684424998.0,5464959990.0
6447464996,3779844998.0,9617799998.0,3079459999.0,3177834999.0,3514239995.0,9473809990.0,8386129996.0,4719294994.0,10093979999.0,3315899998.0,3868814995.0,3991755995.0,10252485988.0,8538013991.0,10470650988.0,10896969987.0,4492764993.0,4381749995.0,4947809996.0,13006859983.0,10157724991.0,7010064996.0,13195990000.0,5179299994.0,5057709998.0,5547329992.0,14990894987.0,11818904985.0,7918147990.0,13684424998.0
8191619996,6447464996.0,3779844998.0,9617799998.0,3079459999.0,3177834999.0,3514239995.0,9473809990.0,8386129996.0,4719294994.0,10093979999.0,3315899998.0,3868814995.0,3991755995.0,10252485988.0,8538013991.0,10470650988.0,10896969987.0,4492764993.0,4381749995.0,4947809996.0,13006859983.0,10157724991.0,7010064996.0,13195990000.0,5179299994.0,5057709998.0,5547329992.0,14990894987.0,11818904985.0,7918147990.0
3489475000,8191619996.0,6447464996.0,3779844998.0,9617799998.0,3079459999.0,3177834999.0,3514239995.0,9473809990.0,8386129996.0,4719294994.0,10093979999.0,3315899998.0,3868814995.0,3991755995.0,10252485988.0,8538013991.0,10470650988.0,10896969987.0,4492764993.0,4381749995.0,4947809996.0,13006859983.0,10157724991.0,7010064996.0,13195990000.0,5179299994.0,5057709998.0,5547329992.0,14990894987.0,11818904985.0
3739479991,3489475000.0,8191619996.0,6447464996.0,3779844998.0,9617799998.0,3079459999.0,3177834999.0,3514239995.0,9473809990.0,8386129996.0,4719294994.0,10093979999.0,3315899998.0,3868814995.0,3991755995.0,10252485988.0,8538013991.0,10470650988.0,10896969987.0,4492764993.0,4381749995.0,4947809996.0,13006859983.0,10157724991.0,7010064996.0,13195990000.0,5179299994.0,5057709998.0,5547329992.0,14990894987.0
3160190000,3739479991.0,3489475000.0,8191619996.0,6447464996.0,3779844998.0,9617799998.0,3079459999.0,3177834999.0,3514239995.0,9473809990.0,8386129996.0,4719294994.0,10093979999.0,3315899998.0,3868814995.0,3991755995.0,10252485988.0,8538013991.0,10470650988.0,10896969987.0,4492764993.0,4381749995.0,4947809996.0,13006859983.0,10157724991.0,7010064996.0,13195990000.0,5179299994.0,5057709998.0,5547329992.0
5158634999,3160190000.0,3739479991.0,3489475000.0,8191619996.0,6447464996.0,3779844998.0,9617799998.0,3079459999.0,3177834999.0,3514239995.0,9473809990.0,8386129996.0,4719294994.0,10093979999.0,3315899998.0,3868814995.0,3991755995.0,10252485988.0,8538013991.0,10470650988.0,10896969987.0,4492764993.0,4381749995.0,4947809996.0,13006859983.0,10157724991.0,7010064996.0,13195990000.0,5179299994.0,5057709998.0
2713225000,5158634999.0,3160190000.0,3739479991.0,3489475000.0,8191619996.0,6447464996.0,3779844998.0,9617799998.0,3079459999.0,3177834999.0,3514239995.0,9473809990.0,8386129996.0,4719294994.0,10093979999.0,3315899998.0,3868814995.0,3991755995.0,10252485988.0,8538013991.0,10470650988.0,10896969987.0,4492764993.0,4381749995.0,4947809996.0,13006859983.0,10157724991.0,7010064996.0,13195990000.0,5179299994.0
2489464996,2713225000.0,5158634999.0,3160190000.0,3739479991.0,3489475000.0,8191619996.0,6447464996.0,3779844998.0,9617799998.0,3079459999.0,3177834999.0,3514239995.0,9473809990.0,8386129996.0,4719294994.0,10093979999.0,3315899998.0,3868814995.0,3991755995.0,10252485988.0,8538013991.0,10470650988.0,10896969987.0,4492764993.0,4381749995.0,4947809996.0,13006859983.0,10157724991.0,7010064996.0,13195990000.0
2929924999,2489464996.0,2713225000.0,5158634999.0,3160190000.0,3739479991.0,3489475000.0,8191619996.0,6447464996.0,3779844998.0,9617799998.0,3079459999.0,3177834999.0,3514239995.0,9473809990.0,8386129996.0,4719294994.0,10093979999.0,3315899998.0,3868814995.0,3991755995.0,10252485988.0,8538013991.0,10470650988.0,10896969987.0,4492764993.0,4381749995.0,4947809996.0,13006859983.0,10157724991.0,7010064996.0
1149309998,2929924999.0,2489464996.0,2713225000.0,5158634999.0,3160190000.0,3739479991.0,3489475000.0,8191619996.0,6447464996.0,3779844998.0,9617799998.0,3079459999.0,3177834999.0,3514239995.0,9473809990.0,8386129996.0,4719294994.0,10093979999.0,3315899998.0,3868814995.0,3991755995.0,10252485988.0,8538013991.0,10470650988.0,10896969987.0,4492764993.0,4381749995.0,4947809996.0,13006859983.0,10157724991.0
1068095000,1149309998.0,2929924999.0,2489464996.0,2713225000.0,5158634999.0,3160190000.0,3739479991.0,3489475000.0,8191619996.0,6447464996.0,3779844998.0,9617799998.0,3079459999.0,3177834999.0,3514239995.0,9473809990.0,8386129996.0,4719294994.0,10093979999.0,3315899998.0,3868814995.0,3991755995.0,10252485988.0,8538013991.0,10470650988.0,10896969987.0,4492764993.0,4381749995.0,4947809996.0,13006859983.0
877775000,1068095000.0,1149309998.0,2929924999.0,2489464996.0,2713225000.0,5158634999.0,3160190000.0,3739479991.0,3489475000.0,8191619996.0,6447464996.0,3779844998.0,9617799998.0,3079459999.0,3177834999.0,3514239995.0,9473809990.0,8386129996.0,4719294994.0,10093979999.0,3315899998.0,3868814995.0,3991755995.0,10252485988.0,8538013991.0,10470650988.0,10896969987.0,4492764993.0,4381749995.0,4947809996.0
536595000,877775000.0,1068095000.0,1149309998.0,2929924999.0,2489464996.0,2713225000.0,5158634999.0,3160190000.0,3739479991.0,3489475000.0,8191619996.0,6447464996.0,3779844998.0,9617799998.0,3079459999.0,3177834999.0,3514239995.0,9473809990.0,8386129996.0,4719294994.0,10093979999.0,3315899998.0,3868814995.0,3991755995.0,10252485988.0,8538013991.0,10470650988.0,10896969987.0,4492764993.0,4381749995.0
0,536595000.0,877775000.0,1068095000.0,1149309998.0,2929924999.0,2489464996.0,2713225000.0,5158634999.0,3160190000.0,3739479991.0,3489475000.0,8191619996.0,6447464996.0,3779844998.0,9617799998.0,3079459999.0,3177834999.0,3514239995.0,9473809990.0,8386129996.0,4719294994.0,10093979999.0,3315899998.0,3868814995.0,3991755995.0,10252485988.0,8538013991.0,10470650988.0,10896969987.0,4492764993.0
0,0.0,536595000.0,877775000.0,1068095000.0,1149309998.0,2929924999.0,2489464996.0,2713225000.0,5158634999.0,3160190000.0,3739479991.0,3489475000.0,8191619996.0,6447464996.0,3779844998.0,9617799998.0,3079459999.0,3177834999.0,3514239995.0,9473809990.0,8386129996.0,4719294994.0,10093979999.0,3315899998.0,3868814995.0,3991755995.0,10252485988.0,8538013991.0,10470650988.0,10896969987.0
200000,0.0,0.0,536595000.0,877775000.0,1068095000.0,1149309998.0,2929924999.0,2489464996.0,2713225000.0,5158634999.0,3160190000.0,3739479991.0,3489475000.0,8191619996.0,6447464996.0,3779844998.0,9617799998.0,3079459999.0,3177834999.0,3514239995.0,9473809990.0,8386129996.0,4719294994.0,10093979999.0,3315899998.0,3868814995.0,3991755995.0,10252485988.0,8538013991.0,10470650988.0
16585000,200000.0,0.0,0.0,536595000.0,877775000.0,1068095000.0,1149309998.0,2929924999.0,2489464996.0,2713225000.0,5158634999.0,3160190000.0,3739479991.0,3489475000.0,8191619996.0,6447464996.0,3779844998.0,9617799998.0,3079459999.0,3177834999.0,3514239995.0,9473809990.0,8386129996.0,4719294994.0,10093979999.0,3315899998.0,3868814995.0,3991755995.0,10252485988.0,8538013991.0
1024435000,16585000.0,200000.0,0.0,0.0,536595000.0,877775000.0,1068095000.0,1149309998.0,2929924999.0,2489464996.0,2713225000.0,5158634999.0,3160190000.0,3739479991.0,3489475000.0,8191619996.0,6447464996.0,3779844998.0,9617799998.0,3079459999.0,3177834999.0,3514239995.0,9473809990.0,8386129996.0,4719294994.0,10093979999.0,3315899998.0,3868814995.0,3991755995.0,10252485988.0
1045615000,1024435000.0,16585000.0,200000.0,0.0,0.0,536595000.0,877775000.0,1068095000.0,1149309998.0,2929924999.0,2489464996.0,2713225000.0,5158634999.0,3160190000.0,3739479991.0,3489475000.0,8191619996.0,6447464996.0,3779844998.0,9617799998.0,3079459999.0,3177834999.0,3514239995.0,9473809990.0,8386129996.0,4719294994.0,10093979999.0,3315899998.0,3868814995.0,3991755995.0
3272360000,1045615000.0,1024435000.0,16585000.0,200000.0,0.0,0.0,536595000.0,877775000.0,1068095000.0,1149309998.0,2929924999.0,2489464996.0,2713225000.0,5158634999.0,3160190000.0,3739479991.0,3489475000.0,8191619996.0,6447464996.0,3779844998.0,9617799998.0,3079459999.0,3177834999.0,3514239995.0,9473809990.0,8386129996.0,4719294994.0,10093979999.0,3315899998.0,3868814995.0
4574450000,3272360000.0,1045615000.0,1024435000.0,16585000.0,200000.0,0.0,0.0,536595000.0,877775000.0,1068095000.0,1149309998.0,2929924999.0,2489464996.0,2713225000.0,5158634999.0,3160190000.0,3739479991.0,3489475000.0,8191619996.0,6447464996.0,3779844998.0,9617799998.0,3079459999.0,3177834999.0,3514239995.0,9473809990.0,8386129996.0,4719294994.0,10093979999.0,3315899998.0
5604900000,4574450000.0,3272360000.0,1045615000.0,1024435000.0,16585000.0,200000.0,0.0,0.0,536595000.0,877775000.0,1068095000.0,1149309998.0,2929924999.0,2489464996.0,2713225000.0,5158634999.0,3160190000.0,3739479991.0,3489475000.0,8191619996.0,6447464996.0,3779844998.0,9617799998.0,3079459999.0,3177834999.0,3514239995.0,9473809990.0,8386129996.0,4719294994.0,10093979999.0
9523550000,5604900000.0,4574450000.0,3272360000.0,1045615000.0,1024435000.0,16585000.0,200000.0,0.0,0.0,536595000.0,877775000.0,1068095000.0,1149309998.0,2929924999.0,2489464996.0,2713225000.0,5158634999.0,3160190000.0,3739479991.0,3489475000.0,8191619996.0,6447464996.0,3779844998.0,9617799998.0,3079459999.0,3177834999.0,3514239995.0,9473809990.0,8386129996.0,4719294994.0
3206750000,9523550000.0,5604900000.0,4574450000.0,3272360000.0,1045615000.0,1024435000.0,16585000.0,200000.0,0.0,0.0,536595000.0,877775000.0,1068095000.0,1149309998.0,2929924999.0,2489464996.0,2713225000.0,5158634999.0,3160190000.0,3739479991.0,3489475000.0,8191619996.0,6447464996.0,3779844998.0,9617799998.0,3079459999.0,3177834999.0,3514239995.0,9473809990.0,8386129996.0
3180315000,3206750000.0,9523550000.0,5604900000.0,4574450000.0,3272360000.0,1045615000.0,1024435000.0,16585000.0,200000.0,0.0,0.0,536595000.0,877775000.0,1068095000.0,1149309998.0,2929924999.0,2489464996.0,2713225000.0,5158634999.0,3160190000.0,3739479991.0,3489475000.0,8191619996.0,6447464996.0,3779844998.0,9617799998.0,3079459999.0,3177834999.0,3514239995.0,9473809990.0
3387570000,3180315000.0,3206750000.0,9523550000.0,5604900000.0,4574450000.0,3272360000.0,1045615000.0,1024435000.0,16585000.0,200000.0,0.0,0.0,536595000.0,877775000.0,1068095000.0,1149309998.0,2929924999.0,2489464996.0,2713225000.0,5158634999.0,3160190000.0,3739479991.0,3489475000.0,8191619996.0,6447464996.0,3779844998.0,9617799998.0,3079459999.0,3177834999.0,3514239995.0
8477999999,3387570000.0,3180315000.0,3206750000.0,9523550000.0,5604900000.0,4574450000.0,3272360000.0,1045615000.0,1024435000.0,16585000.0,200000.0,0.0,0.0,536595000.0,877775000.0,1068095000.0,1149309998.0,2929924999.0,2489464996.0,2713225000.0,5158634999.0,3160190000.0,3739479991.0,3489475000.0,8191619996.0,6447464996.0,3779844998.0,9617799998.0,3079459999.0,3177834999.0
5234279991,8477999999.0,3387570000.0,3180315000.0,3206750000.0,9523550000.0,5604900000.0,4574450000.0,3272360000.0,1045615000.0,1024435000.0,16585000.0,200000.0,0.0,0.0,536595000.0,877775000.0,1068095000.0,1149309998.0,2929924999.0,2489464996.0,2713225000.0,5158634999.0,3160190000.0,3739479991.0,3489475000.0,8191619996.0,6447464996.0,3779844998.0,9617799998.0,3079459999.0
10453034991,5234279991.0,8477999999.0,3387570000.0,3180315000.0,3206750000.0,9523550000.0,5604900000.0,4574450000.0,3272360000.0,1045615000.0,1024435000.0,16585000.0,200000.0,0.0,0.0,536595000.0,877775000.0,1068095000.0,1149309998.0,2929924999.0,2489464996.0,2713225000.0,5158634999.0,3160190000.0,3739479991.0,3489475000.0,8191619996.0,6447464996.0,3779844998.0,9617799998.0
11283699990,10453034991.0,5234279991.0,8477999999.0,3387570000.0,3180315000.0,3206750000.0,9523550000.0,5604900000.0,4574450000.0,3272360000.0,1045615000.0,1024435000.0,16585000.0,200000.0,0.0,0.0,536595000.0,877775000.0,1068095000.0,1149309998.0,2929924999.0,2489464996.0,2713225000.0,5158634999.0,3160190000.0,3739479991.0,3489475000.0,8191619996.0,6447464996.0,3779844998.0
6588964978,11283699990.0,10453034991.0,5234279991.0,8477999999.0,3387570000.0,3180315000.0,3206750000.0,9523550000.0,5604900000.0,4574450000.0,3272360000.0,1045615000.0,1024435000.0,16585000.0,200000.0,0.0,0.0,536595000.0,877775000.0,1068095000.0,1149309998.0,2929924999.0,2489464996.0,2713225000.0,5158634999.0,3160190000.0,3739479991.0,3489475000.0,8191619996.0,6447464996.0
3768334999,6588964978.0,11283699990.0,10453034991.0,5234279991.0,8477999999.0,3387570000.0,3180315000.0,3206750000.0,9523550000.0,5604900000.0,4574450000.0,3272360000.0,1045615000.0,1024435000.0,16585000.0,200000.0,0.0,0.0,536595000.0,877775000.0,1068095000.0,1149309998.0,2929924999.0,2489464996.0,2713225000.0,5158634999.0,3160190000.0,3739479991.0,3489475000.0,8191619996.0
3599469998,3768334999.0,6588964978.0,11283699990.0,10453034991.0,5234279991.0,8477999999.0,3387570000.0,3180315000.0,3206750000.0,9523550000.0,5604900000.0,4574450000.0,3272360000.0,1045615000.0,1024435000.0,16585000.0,200000.0,0.0,0.0,536595000.0,877775000.0,1068095000.0,1149309998.0,2929924999.0,2489464996.0,2713225000.0,5158634999.0,3160190000.0,3739479991.0,3489475000.0
10796814997,3599469998.0,3768334999.0,6588964978.0,11283699990.0,10453034991.0,5234279991.0,8477999999.0,3387570000.0,3180315000.0,3206750000.0,9523550000.0,5604900000.0,4574450000.0,3272360000.0,1045615000.0,1024435000.0,16585000.0,200000.0,0.0,0.0,536595000.0,877775000.0,1068095000.0,1149309998.0,2929924999.0,2489464996.0,2713225000.0,5158634999.0,3160190000.0,3739479991.0
7495844991,10796814997.0,3599469998.0,3768334999.0,6588964978.0,11283699990.0,10453034991.0,5234279991.0,8477999999.0,3387570000.0,3180315000.0,3206750000.0,9523550000.0,5604900000.0,4574450000.0,3272360000.0,1045615000.0,1024435000.0,16585000.0,200000.0,0.0,0.0,536595000.0,877775000.0,1068095000.0,1149309998.0,2929924999.0,2489464996.0,2713225000.0,5158634999.0,3160190000.0
14213117993,7495844991.0,10796814997.0,3599469998.0,3768334999.0,6588964978.0,11283699990.0,10453034991.0,5234279991.0,8477999999.0,3387570000.0,3180315000.0,3206750000.0,9523550000.0,5604900000.0,4574450000.0,3272360000.0,1045615000.0,1024435000.0,16585000.0,200000.0,0.0,0.0,536595000.0,877775000.0,1068095000.0,1149309998.0,2929924999.0,2489464996.0,2713225000.0,5158634999.0
16759698993,14213117993.0,7495844991.0,10796814997.0,3599469998.0,3768334999.0,6588964978.0,11283699990.0,10453034991.0,5234279991.0,8477999999.0,3387570000.0,3180315000.0,3206750000.0,9523550000.0,5604900000.0,4574450000.0,3272360000.0,1045615000.0,1024435000.0,16585000.0,200000.0,0.0,0.0,536595000.0,877775000.0,1068095000.0,1149309998.0,2929924999.0,2489464996.0,2713225000.0
5023992987,16759698993.0,14213117993.0,7495844991.0,10796814997.0,3599469998.0,3768334999.0,6588964978.0,11283699990.0,10453034991.0,5234279991.0,8477999999.0,3387570000.0,3180315000.0,3206750000.0,9523550000.0,5604900000.0,4574450000.0,3272360000.0,1045615000.0,1024435000.0,16585000.0,200000.0,0.0,0.0,536595000.0,877775000.0,1068095000.0,1149309998.0,2929924999.0,2489464996.0
4032354996,5023992987.0,16759698993.0,14213117993.0,7495844991.0,10796814997.0,3599469998.0,3768334999.0,6588964978.0,11283699990.0,10453034991.0,5234279991.0,8477999999.0,3387570000.0,3180315000.0,3206750000.0,9523550000.0,5604900000.0,4574450000.0,3272360000.0,1045615000.0,1024435000.0,16585000.0,200000.0,0.0,0.0,536595000.0,877775000.0,1068095000.0,1149309998.0,2929924999.0
3916434993,4032354996.0,5023992987.0,16759698993.0,14213117993.0,7495844991.0,10796814997.0,3599469998.0,3768334999.0,6588964978.0,11283699990.0,10453034991.0,5234279991.0,8477999999.0,3387570000.0,3180315000.0,3206750000.0,9523550000.0,5604900000.0,4574450000.0,3272360000.0,1045615000.0,1024435000.0,16585000.0,200000.0,0.0,0.0,536595000.0,877775000.0,1068095000.0,1149309998.0
12657389993,3916434993.0,4032354996.0,5023992987.0,16759698993.0,14213117993.0,7495844991.0,10796814997.0,3599469998.0,3768334999.0,6588964978.0,11283699990.0,10453034991.0,5234279991.0,8477999999.0,3387570000.0,3180315000.0,3206750000.0,9523550000.0,5604900000.0,4574450000.0,3272360000.0,1045615000.0,1024435000.0,16585000.0,200000.0,0.0,0.0,536595000.0,877775000.0,1068095000.0
6567179993,12657389993.0,3916434993.0,4032354996.0,5023992987.0,16759698993.0,14213117993.0,7495844991.0,10796814997.0,3599469998.0,3768334999.0,6588964978.0,11283699990.0,10453034991.0,5234279991.0,8477999999.0,3387570000.0,3180315000.0,3206750000.0,9523550000.0,5604900000.0,4574450000.0,3272360000.0,1045615000.0,1024435000.0,16585000.0,200000.0,0.0,0.0,536595000.0,877775000.0
13288750986,6567179993.0,12657389993.0,3916434993.0,4032354996.0,5023992987.0,16759698993.0,14213117993.0,7495844991.0,10796814997.0,3599469998.0,3768334999.0,6588964978.0,11283699990.0,10453034991.0,5234279991.0,8477999999.0,3387570000.0,3180315000.0,3206750000.0,9523550000.0,5604900000.0,4574450000.0,3272360000.0,1045615000.0,1024435000.0,16585000.0,200000.0,0.0,0.0,536595000.0
15350202989,13288750986.0,6567179993.0,12657389993.0,3916434993.0,4032354996.0,5023992987.0,16759698993.0,14213117993.0,7495844991.0,10796814997.0,3599469998.0,3768334999.0,6588964978.0,11283699990.0,10453034991.0,5234279991.0,8477999999.0,3387570000.0,3180315000.0,3206750000.0,9523550000.0,5604900000.0,4574450000.0,3272360000.0,1045615000.0,1024435000.0,16585000.0,200000.0,0.0,0.0
5718004990,15350202989.0,13288750986.0,6567179993.0,12657389993.0,3916434993.0,4032354996.0,5023992987.0,16759698993.0,14213117993.0,7495844991.0,10796814997.0,3599469998.0,3768334999.0,6588964978.0,11283699990.0,10453034991.0,5234279991.0,8477999999.0,3387570000.0,3180315000.0,3206750000.0,9523550000.0,5604900000.0,4574450000.0,3272360000.0,1045615000.0,1024435000.0,16585000.0,200000.0,0.0
3630254995,5718004990.0,15350202989.0,13288750986.0,6567179993.0,12657389993.0,3916434993.0,4032354996.0,5023992987.0,16759698993.0,14213117993.0,7495844991.0,10796814997.0,3599469998.0,3768334999.0,6588964978.0,11283699990.0,10453034991.0,5234279991.0,8477999999.0,3387570000.0,3180315000.0,3206750000.0,9523550000.0,5604900000.0,4574450000.0,3272360000.0,1045615000.0,1024435000.0,16585000.0,200000.0
3636149998,3630254995.0,5718004990.0,15350202989.0,13288750986.0,6567179993.0,12657389993.0,3916434993.0,4032354996.0,5023992987.0,16759698993.0,14213117993.0,7495844991.0,10796814997.0,3599469998.0,3768334999.0,6588964978.0,11283699990.0,10453034991.0,5234279991.0,8477999999.0,3387570000.0,3180315000.0,3206750000.0,9523550000.0,5604900000.0,4574450000.0,3272360000.0,1045615000.0,1024435000.0,16585000.0
10545025000,3636149998.0,3630254995.0,5718004990.0,15350202989.0,13288750986.0,6567179993.0,12657389993.0,3916434993.0,4032354996.0,5023992987.0,16759698993.0,14213117993.0,7495844991.0,10796814997.0,3599469998.0,3768334999.0,6588964978.0,11283699990.0,10453034991.0,5234279991.0,8477999999.0,3387570000.0,3180315000.0,3206750000.0,9523550000.0,5604900000.0,4574450000.0,3272360000.0,1045615000.0,1024435000.0
6085099998,10545025000.0,3636149998.0,3630254995.0,5718004990.0,15350202989.0,13288750986.0,6567179993.0,12657389993.0,3916434993.0,4032354996.0,5023992987.0,16759698993.0,14213117993.0,7495844991.0,10796814997.0,3599469998.0,3768334999.0,6588964978.0,11283699990.0,10453034991.0,5234279991.0,8477999999.0,3387570000.0,3180315000.0,3206750000.0,9523550000.0,5604900000.0,4574450000.0,3272360000.0,1045615000.0
12051972986,6085099998.0,10545025000.0,3636149998.0,3630254995.0,5718004990.0,15350202989.0,13288750986.0,6567179993.0,12657389993.0,3916434993.0,4032354996.0,5023992987.0,16759698993.0,14213117993.0,7495844991.0,10796814997.0,3599469998.0,3768334999.0,6588964978.0,11283699990.0,10453034991.0,5234279991.0,8477999999.0,3387570000.0,3180315000.0,3206750000.0,9523550000.0,5604900000.0,4574450000.0,3272360000.0
13109354998,12051972986.0,6085099998.0,10545025000.0,3636149998.0,3630254995.0,5718004990.0,15350202989.0,13288750986.0,6567179993.0,12657389993.0,3916434993.0,4032354996.0,5023992987.0,16759698993.0,14213117993.0,7495844991.0,10796814997.0,3599469998.0,3768334999.0,6588964978.0,11283699990.0,10453034991.0,5234279991.0,8477999999.0,3387570000.0,3180315000.0,3206750000.0,9523550000.0,5604900000.0,4574450000.0
4930179998,13109354998.0,12051972986.0,6085099998.0,10545025000.0,3636149998.0,3630254995.0,5718004990.0,15350202989.0,13288750986.0,6567179993.0,12657389993.0,3916434993.0,4032354996.0,5023992987.0,16759698993.0,14213117993.0,7495844991.0,10796814997.0,3599469998.0,3768334999.0,6588964978.0,11283699990.0,10453034991.0,5234279991.0,8477999999.0,3387570000.0,3180315000.0,3206750000.0,9523550000.0,5604900000.0
3341139000,4930179998.0,13109354998.0,12051972986.0,6085099998.0,10545025000.0,3636149998.0,3630254995.0,5718004990.0,15350202989.0,13288750986.0,6567179993.0,12657389993.0,3916434993.0,4032354996.0,5023992987.0,16759698993.0,14213117993.0,7495844991.0,10796814997.0,3599469998.0,3768334999.0,6588964978.0,11283699990.0,10453034991.0,5234279991.0,8477999999.0,3387570000.0,3180315000.0,3206750000.0,9523550000.0
859461000,3341139000.0,4930179998.0,13109354998.0,12051972986.0,6085099998.0,10545025000.0,3636149998.0,3630254995.0,5718004990.0,15350202989.0,13288750986.0,6567179993.0,12657389993.0,3916434993.0,4032354996.0,5023992987.0,16759698993.0,14213117993.0,7495844991.0,10796814997.0,3599469998.0,3768334999.0,6588964978.0,11283699990.0,10453034991.0,5234279991.0,8477999999.0,3387570000.0,3180315000.0,3206750000.0
2070000,859461000.0,3341139000.0,4930179998.0,13109354998.0,12051972986.0,6085099998.0,10545025000.0,3636149998.0,3630254995.0,5718004990.0,15350202989.0,13288750986.0,6567179993.0,12657389993.0,3916434993.0,4032354996.0,5023992987.0,16759698993.0,14213117993.0,7495844991.0,10796814997.0,3599469998.0,3768334999.0,6588964978.0,11283699990.0,10453034991.0,5234279991.0,8477999999.0,3387570000.0,3180315000.0
4871998000,2070000.0,859461000.0,3341139000.0,4930179998.0,13109354998.0,12051972986.0,6085099998.0,10545025000.0,3636149998.0,3630254995.0,5718004990.0,15350202989.0,13288750986.0,6567179993.0,12657389993.0,3916434993.0,4032354996.0,5023992987.0,16759698993.0,14213117993.0,7495844991.0,10796814997.0,3599469998.0,3768334999.0,6588964978.0,11283699990.0,10453034991.0,5234279991.0,8477999999.0,3387570000.0
9071854998,4871998000.0,2070000.0,859461000.0,3341139000.0,4930179998.0,13109354998.0,12051972986.0,6085099998.0,10545025000.0,3636149998.0,3630254995.0,5718004990.0,15350202989.0,13288750986.0,6567179993.0,12657389993.0,3916434993.0,4032354996.0,5023992987.0,16759698993.0,14213117993.0,7495844991.0,10796814997.0,3599469998.0,3768334999.0,6588964978.0,11283699990.0,10453034991.0,5234279991.0,8477999999.0
9744695000,9071854998.0,4871998000.0,2070000.0,859461000.0,3341139000.0,4930179998.0,13109354998.0,12051972986.0,6085099998.0,10545025000.0,3636149998.0,3630254995.0,5718004990.0,15350202989.0,13288750986.0,6567179993.0,12657389993.0,3916434993.0,4032354996.0,5023992987.0,16759698993.0,14213117993.0,7495844991.0,10796814997.0,3599469998.0,3768334999.0,6588964978.0,11283699990.0,10453034991.0,5234279991.0
3208490000,9744695000.0,9071854998.0,4871998000.0,2070000.0,859461000.0,3341139000.0,4930179998.0,13109354998.0,12051972986.0,6085099998.0,10545025000.0,3636149998.0,3630254995.0,5718004990.0,15350202989.0,13288750986.0,6567179993.0,12657389993.0,3916434993.0,4032354996.0,5023992987.0,16759698993.0,14213117993.0,7495844991.0,10796814997.0,3599469998.0,3768334999.0,6588964978.0,11283699990.0,10453034991.0
682985000,3208490000.0,9744695000.0,9071854998.0,4871998000.0,2070000.0,859461000.0,3341139000.0,4930179998.0,13109354998.0,12051972986.0,6085099998.0,10545025000.0,3636149998.0,3630254995.0,5718004990.0,15350202989.0,13288750986.0,6567179993.0,12657389993.0,3916434993.0,4032354996.0,5023992987.0,16759698993.0,14213117993.0,7495844991.0,10796814997.0,3599469998.0,3768334999.0,6588964978.0,11283699990.0
